Code zone,Code Produit,Code ann√©e,Emission indirecte de NO2
2,5061,2015,0.1076
2,5061,2016,0.4937
2,5061,2017,0.7190000000000001
2,5061,2018,0.2381
2,5061,2019,0.4836
2,5062,2015,0.4772
2,5062,2016,0.4754
2,5062,2017,0.4758
2,5062,2018,0.4843
2,5062,2019,0.4625
2,5063,2015,2.5854
2,5063,2016,2.5578
2,5063,2017,2.5633
2,5063,2018,2.6057
2,5063,2019,2.4844
2,5064,2015,0.2795
2,5064,2016,0.2686
2,5064,2017,0.2388
2,5064,2018,0.2022
2,5064,2019,0.27399999999999997
202,5061,2015,1.8232
202,5061,2016,1.67
202,5061,2017,2.4004
202,5061,2018,2.4004
202,5061,2019,2.1569
202,5062,2015,0.3657
202,5062,2016,0.3649
202,5062,2017,0.3639
202,5062,2018,0.3591
202,5062,2019,0.3466
202,5063,2015,6.5368
202,5063,2016,6.3947
202,5063,2017,6.2414
202,5063,2018,6.1736
202,5063,2019,6.0619
202,5064,2015,0.4689
202,5064,2016,0.3993
202,5064,2017,0.6535
202,5064,2018,0.5692
202,5064,2019,0.5077
3,5061,2015,0.188
3,5061,2016,0.2191
3,5061,2017,0.2001
3,5061,2018,0.1265
3,5061,2019,0.1819
3,5062,2015,0.2302
3,5062,2016,0.2249
3,5062,2017,0.2205
3,5062,2018,0.2161
3,5062,2019,0.2005
3,5063,2015,0.3538
3,5063,2016,0.3584
3,5063,2017,0.3511
3,5063,2018,0.3427
3,5063,2019,0.3206
3,5064,2015,0.0274
3,5064,2016,0.0275
3,5064,2017,0.0275
3,5064,2018,0.0264
3,5064,2019,0.0259
4,5061,2015,0.38
4,5061,2016,0.3585
4,5061,2017,0.3585
4,5061,2018,0.3585
4,5061,2019,0.3585
4,5062,2015,0.1658
4,5062,2016,0.1659
4,5062,2017,0.1652
4,5062,2018,0.162
4,5062,2019,0.1632
4,5063,2015,3.7743
4,5063,2016,3.7574
4,5063,2017,3.7339
4,5063,2018,3.7276
4,5063,2019,3.7837
4,5064,2015,0.2209
4,5064,2016,0.221
4,5064,2017,0.2237
4,5064,2018,0.3255
4,5064,2019,0.3066
79,5061,2015,8.7364
79,5061,2016,8.4719
79,5061,2017,7.6436
79,5061,2018,6.8552
79,5061,2019,7.6569
79,5062,2015,5.077
79,5062,2016,5.0621
79,5062,2017,5.0375
79,5062,2018,4.9011
79,5062,2019,4.8092
79,5063,2015,1.7638
79,5063,2016,1.7515
79,5063,2017,1.7314
79,5063,2018,1.6922
79,5063,2019,1.6541
79,5064,2015,1.9240000000000002
79,5064,2016,1.7934
79,5064,2017,1.8041
79,5064,2018,1.5225
79,5064,2019,1.7658
7,5061,2015,0.1302
7,5061,2016,0.1061
7,5061,2017,0.1364
7,5061,2018,0.1121
7,5061,2019,0.1182
7,5062,2015,0.3584
7,5062,2016,0.3623
7,5062,2017,0.3823
7,5062,2018,0.4022
7,5062,2019,0.4248
7,5063,2015,1.9133
7,5063,2016,1.9152
7,5063,2017,1.9331
7,5063,2018,1.9584
7,5063,2019,1.9955
7,5064,2015,0.1279
7,5064,2016,0.1453
7,5064,2017,0.1485
7,5064,2018,0.1601
7,5064,2019,0.1626
8,5061,2015,0.0
8,5061,2016,0.0003
8,5061,2017,0.0
8,5061,2018,0.0
8,5061,2019,0.0001
8,5062,2015,0.0015
8,5062,2016,0.0015
8,5062,2017,0.0016
8,5062,2018,0.0014
8,5062,2019,0.0014
8,5063,2015,0.0054
8,5063,2016,0.0054
8,5063,2017,0.0054
8,5063,2018,0.0053
8,5063,2019,0.0046
8,5064,2015,0.0
8,5064,2016,0.0
8,5064,2017,0.0
8,5064,2018,0.0
8,5064,2019,0.0
194,5061,2015,0.9918
194,5061,2016,1.0311
194,5061,2017,0.8851
194,5061,2018,0.8851
194,5061,2019,0.9338
194,5062,2015,0.1414
194,5062,2016,0.1479
194,5062,2017,0.1486
194,5062,2018,0.1546
194,5062,2019,0.1583
194,5063,2015,1.6963
194,5063,2016,1.7254
194,5063,2017,1.7404
194,5063,2018,1.7834
194,5063,2019,1.8346
194,5064,2015,0.0674
194,5064,2016,0.063
194,5064,2017,0.0624
194,5064,2018,0.0529
194,5064,2019,0.0586
9,5061,2015,3.0821
9,5061,2016,4.7474
9,5061,2017,4.9838
9,5061,2018,5.9269
9,5061,2019,5.2194
9,5062,2015,1.6233
9,5062,2016,1.2466
9,5062,2017,1.2512
9,5062,2018,1.222
9,5062,2019,1.2312
9,5063,2015,15.7881
9,5063,2016,16.2566
9,5063,2017,16.8508
9,5063,2018,16.7235
9,5063,2019,16.7691
9,5064,2015,4.6492
9,5064,2016,4.6901
9,5064,2017,5.0104
9,5064,2018,4.3168
9,5064,2019,5.2605
1,5061,2015,0.3232
1,5061,2016,0.7471
1,5061,2017,0.4602
1,5061,2018,0.4602
1,5061,2019,0.5558
1,5062,2015,0.0283
1,5062,2016,0.0312
1,5062,2017,0.0304
1,5062,2018,0.0289
1,5062,2019,0.0312
1,5063,2015,0.3144
1,5063,2016,0.3208
1,5063,2017,0.2998
1,5063,2018,0.2724
1,5063,2019,0.2633
1,5064,2015,0.0302
1,5064,2016,0.0302
1,5064,2017,0.0176
1,5064,2018,0.018000000000000002
1,5064,2019,0.0123
10,5061,2015,6.6534
10,5061,2016,7.5285
10,5061,2017,7.6291
10,5061,2018,7.2073
10,5061,2019,7.455
10,5062,2015,0.9956
10,5062,2016,0.9408
10,5062,2017,0.9854
10,5062,2018,1.0042
10,5062,2019,0.9811
10,5063,2015,20.1397
10,5063,2016,18.7916
10,5063,2017,19.8337
10,5063,2018,19.6437
10,5063,2019,18.4812
10,5064,2015,1.7511
10,5064,2016,1.655
10,5064,2017,2.2727
10,5064,2018,1.5996
10,5064,2019,1.422
11,5061,2015,0.615
11,5061,2016,0.6018
11,5061,2017,0.584
11,5061,2018,0.584
11,5061,2019,0.5899
11,5062,2015,0.6599
11,5062,2016,0.6597
11,5062,2017,0.6579999999999999
11,5062,2018,0.6474
11,5062,2019,0.6398
11,5063,2015,0.2896
11,5063,2016,0.2902
11,5063,2017,0.2934
11,5063,2018,0.2713
11,5063,2019,0.2672
11,5064,2015,0.1768
11,5064,2016,0.2034
11,5064,2017,0.1749
11,5064,2018,0.1714
11,5064,2019,0.1926
52,5061,2015,0.4583
52,5061,2016,0.4422
52,5061,2017,0.3661
52,5061,2018,0.6074
52,5061,2019,0.4719
52,5062,2015,0.0963
52,5062,2016,0.0936
52,5062,2017,0.0932
52,5062,2018,0.0905
52,5062,2019,0.0902
52,5063,2015,1.7113
52,5063,2016,1.7082
52,5063,2017,1.6929
52,5063,2018,1.6758
52,5063,2019,1.6665
52,5064,2015,0.1357
52,5064,2016,0.1397
52,5064,2017,0.1333
52,5064,2018,0.1489
52,5064,2019,0.158
12,5061,2015,0.0034
12,5061,2016,0.0034
12,5061,2017,0.0034
12,5061,2018,0.0034
12,5061,2019,0.0034
12,5062,2015,0.0051
12,5062,2016,0.0051
12,5062,2017,0.0049
12,5062,2018,0.005
12,5062,2019,0.005
12,5063,2015,0.0054
12,5063,2016,0.0053
12,5063,2017,0.0053
12,5063,2018,0.0053
12,5063,2019,0.0053
12,5064,2015,0.0
12,5064,2016,0.0
12,5064,2017,0.0
12,5064,2018,0.0
12,5064,2019,0.0
13,5061,2015,0.011000000000000001
13,5061,2016,0.0011
13,5061,2017,0.0008
13,5061,2018,0.0157
13,5061,2019,0.0058
13,5062,2015,0.0028
13,5062,2016,0.0048
13,5062,2017,0.0066
13,5062,2018,0.0073
13,5062,2019,0.0074
13,5063,2015,0.0157
13,5063,2016,0.0212
13,5063,2017,0.0259
13,5063,2018,0.0281
13,5063,2019,0.0285
13,5064,2015,0.0
13,5064,2016,0.0
13,5064,2017,0.0
13,5064,2018,0.0
13,5064,2019,0.0
16,5061,2015,6.7462
16,5061,2016,5.9871
16,5061,2017,6.3351
16,5061,2018,6.7955
16,5061,2019,6.3726
16,5062,2015,1.6473
16,5062,2016,1.6672
16,5062,2017,1.7062
16,5062,2018,1.7321
16,5062,2019,1.7154
16,5063,2015,7.6664
16,5063,2016,7.6911
16,5063,2017,8.0445
16,5063,2018,8.1264
16,5063,2019,8.2147
16,5064,2015,2.3907
16,5064,2016,2.3344
16,5064,2017,2.4962
16,5064,2018,2.4906
16,5064,2019,2.4995
14,5061,2015,0.0021
14,5061,2016,0.0014
14,5061,2017,0.0028
14,5061,2018,0.0012
14,5061,2019,0.0018
14,5062,2015,0.0094
14,5062,2016,0.0105
14,5062,2017,0.0102
14,5062,2018,0.0098
14,5062,2019,0.0099
14,5063,2015,0.0099
14,5063,2016,0.0107
14,5063,2017,0.0106
14,5063,2018,0.0103
14,5063,2019,0.0104
14,5064,2015,0.0
14,5064,2016,0.0
14,5064,2017,0.0
14,5064,2018,0.0
14,5064,2019,0.0
57,5061,2015,2.2664
57,5061,2016,1.7799
57,5061,2017,2.0778
57,5061,2018,2.0679
57,5061,2019,1.9752
57,5062,2015,1.328
57,5062,2016,1.3133
57,5062,2017,1.3253
57,5062,2018,1.2973
57,5062,2019,1.2758
57,5063,2015,0.3501
57,5063,2016,0.3444
57,5063,2017,0.3466
57,5063,2018,0.3433
57,5063,2019,0.3385
57,5064,2015,0.317
57,5064,2016,0.2772
57,5064,2017,0.299
57,5064,2018,0.2454
57,5064,2019,0.2812
255,5061,2015,0.905
255,5061,2016,0.8775
255,5061,2017,0.8705
255,5061,2018,0.8705
255,5061,2019,0.8728
255,5062,2015,0.9872
255,5062,2016,0.9579
255,5062,2017,0.9256
255,5062,2018,0.9508
255,5062,2019,0.9345
255,5063,2015,0.3111
255,5063,2016,0.3093
255,5063,2017,0.2982
255,5063,2018,0.3002
255,5063,2019,0.2977
255,5064,2015,0.1405
255,5064,2016,0.1078
255,5064,2017,0.1287
255,5064,2018,0.1139
255,5064,2019,0.1322
23,5061,2015,0.09
23,5061,2016,0.0859
23,5061,2017,0.0693
23,5061,2018,0.0547
23,5061,2019,0.07
23,5062,2015,0.0067
23,5062,2016,0.0068
23,5062,2017,0.0071
23,5062,2018,0.0066
23,5062,2019,0.0067
23,5063,2015,0.0306
23,5063,2016,0.0338
23,5063,2017,0.0351
23,5063,2018,0.0363
23,5063,2019,0.0373
23,5064,2015,0.0037
23,5064,2016,0.0038
23,5064,2017,0.0049
23,5064,2018,0.0043
23,5064,2019,0.0037
53,5061,2015,0.0009
53,5061,2016,0.0724
53,5061,2017,0.0002
53,5061,2018,0.2454
53,5061,2019,0.106
53,5062,2015,0.0864
53,5062,2016,0.08900000000000001
53,5062,2017,0.092
53,5062,2018,0.0951
53,5062,2019,0.09699999999999999
53,5063,2015,0.9368
53,5063,2016,0.9595
53,5063,2017,0.9838
53,5063,2018,1.0087
53,5063,2019,1.0239
53,5064,2015,0.0834
53,5064,2016,0.0898
53,5064,2017,0.0943
53,5064,2018,0.1204
53,5064,2019,0.1084
17,5061,2015,0.0002
17,5061,2016,0.0001
17,5061,2017,0.0001
17,5061,2018,0.0002
17,5061,2019,0.0001
17,5064,2015,0.0
17,5064,2016,0.0
17,5064,2017,0.0
17,5064,2018,0.0
17,5064,2019,0.0
18,5061,2015,0.0047
18,5061,2016,0.004
18,5061,2017,0.0065
18,5061,2018,0.0144
18,5061,2019,0.0083
18,5062,2015,0.0131
18,5062,2016,0.0138
18,5062,2017,0.013999999999999999
18,5062,2018,0.0138
18,5062,2019,0.013999999999999999
18,5063,2015,0.0429
18,5063,2016,0.0429
18,5063,2017,0.043
18,5063,2018,0.0436
18,5063,2019,0.0444
18,5064,2015,0.006999999999999999
18,5064,2016,0.0072
18,5064,2017,0.0077
18,5064,2018,0.0051
18,5064,2019,0.0043
19,5061,2015,0.1181
19,5061,2016,0.1027
19,5061,2017,0.0726
19,5061,2018,0.0726
19,5061,2019,0.0826
19,5062,2015,0.6359
19,5062,2016,0.6487
19,5062,2017,0.6825
19,5062,2018,0.69
19,5062,2019,0.7082
19,5063,2015,4.034
19,5063,2016,4.0847
19,5063,2017,4.1425
19,5063,2018,4.218
19,5063,2019,4.2797
19,5064,2015,0.2847
19,5064,2016,0.2802
19,5064,2017,0.249
19,5064,2018,0.2942
19,5064,2019,0.2882
80,5061,2015,0.5727
80,5061,2016,0.4421
80,5061,2017,0.4554
80,5061,2018,0.3547
80,5061,2019,0.4174
80,5062,2015,0.2148
80,5062,2016,0.2117
80,5062,2017,0.2108
80,5062,2018,0.2083
80,5062,2019,0.2056
80,5063,2015,0.1595
80,5063,2016,0.1591
80,5063,2017,0.1574
80,5063,2018,0.1559
80,5063,2019,0.1544
80,5064,2015,0.0422
80,5064,2016,0.057999999999999996
80,5064,2017,0.0442
80,5064,2018,0.06
80,5064,2019,0.0574
20,5061,2015,0.10800000000000001
20,5061,2016,0.10800000000000001
20,5061,2017,0.10800000000000001
20,5061,2018,0.10800000000000001
20,5061,2019,0.10800000000000001
20,5062,2015,0.0192
20,5062,2016,0.0179
20,5062,2017,0.0135
20,5062,2018,0.0138
20,5062,2019,0.0139
20,5063,2015,0.6445
20,5063,2016,0.5968
20,5063,2017,0.4611
20,5063,2018,0.4731
20,5063,2019,0.4755
20,5064,2015,0.0022
20,5064,2016,0.0029
20,5064,2017,0.002
20,5064,2018,0.0053
20,5064,2019,0.0028
21,5061,2015,17.8863
21,5061,2016,22.2299
21,5061,2017,26.4178
21,5061,2018,26.1473
21,5061,2019,24.9316
21,5062,2015,11.425999999999998
21,5062,2016,11.1593
21,5062,2017,10.7047
21,5062,2018,10.6375
21,5062,2019,10.5702
21,5063,2015,61.2612
21,5063,2016,62.2587
21,5063,2017,61.7549
21,5063,2018,61.6703
21,5063,2019,62.0641
21,5064,2015,7.8246
21,5064,2016,7.2355
21,5064,2017,8.7405
21,5064,2018,8.4784
21,5064,2019,8.8915
26,5061,2015,0.0012
26,5061,2016,0.0012
26,5061,2017,0.0012
26,5061,2018,0.0012
26,5061,2019,0.0012
26,5062,2015,0.0245
26,5062,2016,0.0253
26,5062,2017,0.0241
26,5062,2018,0.0258
26,5062,2019,0.024
26,5063,2015,0.0213
26,5063,2016,0.022000000000000002
26,5063,2017,0.0209
26,5063,2018,0.0222
26,5063,2019,0.0207
26,5064,2015,0.0001
26,5064,2016,0.0001
26,5064,2017,0.0001
26,5064,2018,0.0001
26,5064,2019,0.0001
27,5061,2015,1.683
27,5061,2016,1.7038
27,5061,2017,1.7087
27,5061,2018,1.7087
27,5061,2019,1.7071
27,5062,2015,0.2527
27,5062,2016,0.2554
27,5062,2017,0.2662
27,5062,2018,0.2676
27,5062,2019,0.2558
27,5063,2015,0.19699999999999998
27,5063,2016,0.1952
27,5063,2017,0.1933
27,5063,2018,0.1774
27,5063,2019,0.166
27,5064,2015,0.3403
27,5064,2016,0.3522
27,5064,2017,0.3761
27,5064,2018,0.3893
27,5064,2019,0.4242
233,5061,2015,0.2609
233,5061,2016,0.3454
233,5061,2017,0.2977
233,5061,2018,0.2893
233,5061,2019,0.3108
233,5062,2015,0.379
233,5062,2016,0.3882
233,5062,2017,0.3962
233,5062,2018,0.4045
233,5062,2019,0.4131
233,5063,2015,4.961
233,5063,2016,5.0799
233,5063,2017,5.202999999999999
233,5063,2018,5.3302
233,5063,2019,5.4455
233,5064,2015,0.2005
233,5064,2016,0.22399999999999998
233,5064,2017,0.2075
233,5064,2018,0.2515
233,5064,2019,0.2435
29,5061,2015,0.0236
29,5061,2016,0.0413
29,5061,2017,0.0518
29,5061,2018,0.0687
29,5061,2019,0.054000000000000006
29,5062,2015,0.0635
29,5062,2016,0.0695
29,5062,2017,0.0763
29,5062,2018,0.0913
29,5062,2019,0.0916
29,5063,2015,0.4851
29,5063,2016,0.5628
29,5063,2017,0.6940000000000001
29,5063,2018,0.6702
29,5063,2019,0.5874
29,5064,2015,0.027999999999999997
29,5064,2016,0.0447
29,5064,2017,0.0418
29,5064,2018,0.0464
29,5064,2019,0.0618
35,5062,2015,0.0095
35,5062,2016,0.0096
35,5062,2017,0.0076
35,5062,2018,0.0075
35,5062,2019,0.0077
35,5063,2015,0.0323
35,5063,2016,0.0328
35,5063,2017,0.0251
35,5063,2018,0.0251
35,5063,2019,0.0253
35,5064,2015,0.0007
35,5064,2016,0.0007
35,5064,2017,0.0005
35,5064,2018,0.0005
35,5064,2019,0.0005
115,5061,2015,0.413
115,5061,2016,0.2842
115,5061,2017,0.5872
115,5061,2018,0.6526
115,5061,2019,0.508
115,5062,2015,0.3906
115,5062,2016,0.3928
115,5062,2017,0.3909
115,5062,2018,0.3848
115,5062,2019,0.3828
115,5063,2015,0.5332
115,5063,2016,0.536
115,5063,2017,0.5315
115,5063,2018,0.5238
115,5063,2019,0.5201
115,5064,2015,0.469
115,5064,2016,0.5032
115,5064,2017,0.5279
115,5064,2018,0.5548
115,5064,2019,0.5554
32,5061,2015,0.2172
32,5061,2016,0.2031
32,5061,2017,0.2373
32,5061,2018,0.2375
32,5061,2019,0.226
32,5062,2015,0.2503
32,5062,2016,0.2533
32,5062,2017,0.2545
32,5062,2018,0.2581
32,5062,2019,0.2619
32,5063,2015,2.5109
32,5063,2016,2.4405
32,5063,2017,2.4326
32,5063,2018,2.4417
32,5063,2019,2.4516
32,5064,2015,0.1728
32,5064,2016,0.1829
32,5064,2017,0.1785
32,5064,2018,0.1866
32,5064,2019,0.1897
33,5061,2015,13.1815
33,5061,2016,12.5687
33,5061,2017,12.6197
33,5061,2018,14.1417
33,5061,2019,13.11
33,5062,2015,1.5761
33,5062,2016,1.5951
33,5062,2017,1.6038
33,5062,2018,1.6232
33,5062,2019,1.6321
33,5063,2015,2.7725
33,5063,2016,2.7649
33,5063,2017,2.7465
33,5063,2018,2.7499
33,5063,2019,2.7335
33,5064,2015,2.4801
33,5064,2016,2.6867
33,5064,2017,2.6606
33,5064,2018,2.727
33,5064,2019,2.7784
40,5061,2015,1.6801
40,5061,2016,1.3467
40,5061,2017,1.3467
40,5061,2018,1.3467
40,5061,2019,1.3467
40,5062,2015,0.7946
40,5062,2016,0.7813
40,5062,2017,0.7101
40,5062,2018,0.7794
40,5062,2019,0.777
40,5063,2015,1.2219
40,5063,2016,1.2401
40,5063,2017,1.2559
40,5063,2018,1.2645
40,5063,2019,1.3598
40,5064,2015,0.1384
40,5064,2016,0.1466
40,5064,2017,0.1317
40,5064,2018,0.1365
40,5064,2019,0.1242
351,5061,2015,158.0936
351,5061,2016,156.0236
351,5061,2017,151.7225
351,5061,2018,144.5647
351,5061,2019,150.7703
351,5062,2015,32.3753
351,5062,2016,32.9859
351,5062,2017,32.1589
351,5062,2018,31.3426
351,5062,2019,28.9816
351,5063,2015,46.6423
351,5063,2016,47.7541
351,5063,2017,46.2836
351,5063,2018,46.474
351,5063,2019,47.0249
351,5064,2015,23.0535
351,5064,2016,23.0006
351,5064,2017,23.1375
351,5064,2018,22.9433
351,5064,2019,23.0282
96,5061,2015,0.0359
96,5061,2016,0.0379
96,5061,2017,0.0417
96,5061,2018,0.052000000000000005
96,5061,2019,0.0438
96,5062,2015,0.0065
96,5062,2016,0.0064
96,5062,2017,0.0062
96,5062,2018,0.0061
96,5062,2019,0.006
96,5063,2015,0.0028
96,5063,2016,0.0027
96,5063,2017,0.0027
96,5063,2018,0.0028
96,5063,2019,0.0028
128,5061,2015,0.0
128,5061,2016,0.0
128,5061,2017,0.0
128,5061,2018,0.0
128,5061,2019,0.0
128,5062,2015,0.0011
128,5062,2016,0.0011
128,5062,2017,0.0011
128,5062,2018,0.0011
128,5062,2019,0.0011
128,5063,2015,0.0009
128,5063,2016,0.0009
128,5063,2017,0.0009
128,5063,2018,0.0009
128,5063,2019,0.0009
41,5061,2015,157.2769
41,5061,2016,155.1955
41,5061,2017,150.8905
41,5061,2018,143.7225
41,5061,2019,149.9362
41,5062,2015,32.0505
41,5062,2016,32.6676
41,5062,2017,31.8398
41,5062,2018,31.0194
41,5062,2019,28.6512
41,5063,2015,46.4627
41,5063,2016,47.5789
41,5063,2017,46.1076
41,5063,2018,46.2945
41,5063,2019,46.8417
41,5064,2015,22.9869
41,5064,2016,22.9325
41,5064,2017,23.0641
41,5064,2018,22.8651
41,5064,2019,22.9543
214,5061,2015,0.7808
214,5061,2016,0.7903
214,5061,2017,0.7903
214,5061,2018,0.7903
214,5061,2019,0.7903
214,5062,2015,0.3172
214,5062,2016,0.3108
214,5062,2017,0.3118
214,5062,2018,0.316
214,5062,2019,0.3232
214,5063,2015,0.17600000000000002
214,5063,2016,0.1715
214,5063,2017,0.1724
214,5063,2018,0.1759
214,5063,2019,0.1794
214,5064,2015,0.0666
214,5064,2016,0.0681
214,5064,2017,0.0733
214,5064,2018,0.0783
214,5064,2019,0.0739
50,5061,2015,0.0406
50,5061,2016,0.0407
50,5061,2017,0.0407
50,5061,2018,0.0397
50,5061,2019,0.0404
50,5062,2015,0.0354
50,5062,2016,0.0345
50,5062,2017,0.0346
50,5062,2018,0.0357
50,5062,2019,0.0347
50,5063,2015,0.0747
50,5063,2016,0.0771
50,5063,2017,0.0814
50,5063,2018,0.0801
50,5063,2019,0.081
50,5064,2015,0.0047
50,5064,2016,0.0016
50,5064,2017,0.0025
50,5064,2018,0.0021
50,5064,2019,0.0033
44,5061,2015,2.7642
44,5061,2016,2.633
44,5061,2017,3.1285
44,5061,2018,2.8868
44,5061,2019,2.8828
44,5062,2015,2.2767
44,5062,2016,2.175
44,5062,2017,1.5846
44,5062,2018,1.7264
44,5062,2019,1.5533
44,5063,2015,6.0229
44,5063,2016,6.1487
44,5063,2017,6.9198
44,5063,2018,7.3839
44,5063,2019,7.8369
44,5064,2015,0.17800000000000002
44,5064,2016,0.196
44,5064,2017,0.2058
44,5064,2018,0.1884
44,5064,2019,0.1912
45,5062,2015,0.0011
45,5062,2016,0.0011
45,5062,2017,0.0011
45,5062,2018,0.0011
45,5062,2019,0.0011
45,5063,2015,0.0297
45,5063,2016,0.0299
45,5063,2017,0.0298
45,5063,2018,0.0299
45,5063,2019,0.03
45,5064,2015,0.0027
45,5064,2016,0.0028
45,5064,2017,0.0029
45,5064,2018,0.003
45,5064,2019,0.0031
46,5061,2015,0.0016
46,5061,2016,0.0016
46,5061,2017,0.0017
46,5061,2018,0.0017
46,5061,2019,0.0017
46,5062,2015,0.0129
46,5062,2016,0.0137
46,5062,2017,0.013999999999999999
46,5062,2018,0.0143
46,5062,2019,0.0146
46,5063,2015,0.1356
46,5063,2016,0.1416
46,5063,2017,0.1414
46,5063,2018,0.1429
46,5063,2019,0.1443
46,5064,2015,0.0015
46,5064,2016,0.0016
46,5064,2017,0.0016
46,5064,2018,0.0016
46,5064,2019,0.0017
48,5061,2015,0.4374
48,5061,2016,0.5053
48,5061,2017,0.4634
48,5061,2018,0.4914
48,5061,2019,0.4867
48,5062,2015,0.2688
48,5062,2016,0.2759
48,5062,2017,0.278
48,5062,2018,0.2801
48,5062,2019,0.2811
48,5063,2015,0.3298
48,5063,2016,0.3532
48,5063,2017,0.3602
48,5063,2018,0.3658
48,5063,2019,0.37200000000000005
48,5064,2015,0.0105
48,5064,2016,0.0107
48,5064,2017,0.0082
48,5064,2018,0.0084
48,5064,2019,0.0077
107,5061,2015,0.2174
107,5061,2016,0.2381
107,5061,2017,0.1687
107,5061,2018,0.1888
107,5061,2019,0.1985
107,5062,2015,0.0891
107,5062,2016,0.0883
107,5062,2017,0.0903
107,5062,2018,0.0891
107,5062,2019,0.0911
107,5063,2015,0.8552
107,5063,2016,0.8803
107,5063,2017,0.8932
107,5063,2018,0.8984
107,5063,2019,0.9132
107,5064,2015,0.159
107,5064,2016,0.1521
107,5064,2017,0.1571
107,5064,2018,0.1518
107,5064,2019,0.1461
98,5061,2015,0.4465
98,5061,2016,0.3693
98,5061,2017,0.5026
98,5061,2018,0.5078
98,5061,2019,0.4599
98,5062,2015,0.2108
98,5062,2016,0.2102
98,5062,2017,0.2101
98,5062,2018,0.2006
98,5062,2019,0.204
98,5063,2015,0.1188
98,5063,2016,0.1218
98,5063,2017,0.1243
98,5063,2018,0.1202
98,5063,2019,0.1229
98,5064,2015,0.1045
98,5064,2016,0.1295
98,5064,2017,0.0997
98,5064,2018,0.1168
98,5064,2019,0.1257
49,5061,2015,0.4401
49,5061,2016,0.325
49,5061,2017,0.3468
49,5061,2018,0.2732
49,5061,2019,0.315
49,5062,2015,0.3152
49,5062,2016,0.3272
49,5062,2017,0.3241
49,5062,2018,0.3469
49,5062,2019,0.3515
49,5063,2015,1.5299
49,5063,2016,1.5477
49,5063,2017,1.5042
49,5063,2018,1.4909999999999999
49,5063,2019,1.485
49,5064,2015,0.0369
49,5064,2016,0.0436
49,5064,2017,0.0378
49,5064,2018,0.040999999999999995
49,5064,2019,0.036000000000000004
54,5061,2015,1.1494
54,5061,2016,1.1651
54,5061,2017,1.1203
54,5061,2018,0.9802
54,5061,2019,1.0885
54,5062,2015,1.0984
54,5062,2016,1.0969
54,5062,2017,1.0987
54,5062,2018,1.1091
54,5062,2019,1.1144
54,5063,2015,0.2128
54,5063,2016,0.2138
54,5063,2017,0.2121
54,5063,2018,0.2082
54,5063,2019,0.2042
54,5064,2015,0.42
54,5064,2016,0.3865
54,5064,2017,0.4209
54,5064,2018,0.2982
54,5064,2019,0.4011
72,5062,2015,0.0042
72,5062,2016,0.0042
72,5062,2017,0.0042
72,5062,2018,0.0042
72,5062,2019,0.0042
72,5063,2015,0.1864
72,5063,2016,0.1857
72,5063,2017,0.1856
72,5063,2018,0.1857
72,5063,2019,0.1857
72,5064,2015,0.0002
72,5064,2016,0.0002
72,5064,2017,0.0002
72,5064,2018,0.0002
72,5064,2019,0.0002
55,5061,2015,0.0016
55,5061,2016,0.0005
55,5061,2017,0.0005
55,5061,2018,0.0003
55,5061,2019,0.0004
55,5062,2015,0.0025
55,5062,2016,0.0025
55,5062,2017,0.0025
55,5062,2018,0.0025
55,5062,2019,0.0026
55,5063,2015,0.0048
55,5063,2016,0.0048
55,5063,2017,0.0048
55,5063,2018,0.0048
55,5063,2019,0.0049
55,5064,2015,0.0
55,5064,2016,0.0
55,5064,2017,0.0
55,5064,2018,0.0
55,5064,2019,0.0
59,5061,2015,6.2333
59,5061,2016,6.5377
59,5061,2017,6.7052
59,5061,2018,6.7052
59,5061,2019,6.6493
59,5062,2015,0.2188
59,5062,2016,0.2209
59,5062,2017,0.2114
59,5062,2018,0.2106
59,5062,2019,0.2193
59,5063,2015,3.9574
59,5063,2016,3.9563
59,5063,2017,3.722
59,5063,2018,3.6016
59,5063,2019,3.7496
59,5064,2015,0.8748
59,5064,2016,0.8743
59,5064,2017,0.8502
59,5064,2018,0.6876
59,5064,2019,0.9107
60,5061,2015,0.2967
60,5061,2016,0.2674
60,5061,2017,0.3077
60,5061,2018,0.2802
60,5061,2019,0.2851
60,5062,2015,0.0986
60,5062,2016,0.0939
60,5062,2017,0.1042
60,5062,2018,0.0941
60,5062,2019,0.0889
60,5063,2015,0.2999
60,5063,2016,0.284
60,5063,2017,0.2663
60,5063,2018,0.2602
60,5063,2019,0.255
60,5064,2015,0.0352
60,5064,2016,0.0418
60,5064,2017,0.0386
60,5064,2018,0.0328
60,5064,2019,0.0394
225,5061,2015,0.0774
225,5061,2016,0.0774
225,5061,2017,0.0774
225,5061,2018,0.0774
225,5061,2019,0.0774
225,5062,2015,0.0188
225,5062,2016,0.0198
225,5062,2017,0.0198
225,5062,2018,0.0202
225,5062,2019,0.0206
225,5063,2015,0.5773
225,5063,2016,0.5837
225,5063,2017,0.5961
225,5063,2018,0.6039
225,5063,2019,0.6151
225,5064,2015,0.0001
225,5064,2016,0.0002
225,5064,2017,0.0005
225,5064,2018,0.0002
225,5064,2019,0.0002
58,5061,2015,0.7079
58,5061,2016,0.8756
58,5061,2017,0.9263
58,5061,2018,1.0542
58,5061,2019,0.9521
58,5062,2015,0.597
58,5062,2016,0.5557
58,5062,2017,0.5451
58,5062,2018,0.5514
58,5062,2019,0.5836
58,5063,2015,1.3019
58,5063,2016,1.294
58,5063,2017,1.3062
58,5063,2018,1.2603
58,5063,2019,1.3279
58,5064,2015,0.1341
58,5064,2016,0.1092
58,5064,2017,0.1053
58,5064,2018,0.1042
58,5064,2019,0.0987
178,5061,2015,0.0082
178,5061,2016,0.0098
178,5061,2017,0.0091
178,5061,2018,0.0237
178,5061,2019,0.0142
178,5062,2015,0.0404
178,5062,2016,0.0408
178,5062,2017,0.0407
178,5062,2018,0.0408
178,5062,2019,0.0409
178,5063,2015,1.0596
178,5063,2016,1.073
178,5063,2017,1.0712
178,5063,2018,1.0752
178,5063,2019,1.0793
178,5064,2015,0.02
178,5064,2016,0.02
178,5064,2017,0.0201
178,5064,2018,0.0201
178,5064,2019,0.0201
203,5061,2015,5.455
203,5061,2016,5.016
203,5061,2017,5.5122
203,5061,2018,5.2782
203,5061,2019,5.2688
203,5062,2015,3.3874
203,5062,2016,3.4349
203,5062,2017,3.4930000000000003
203,5062,2018,3.1477
203,5062,2019,3.1807
203,5063,2015,2.5885
203,5063,2016,2.5546
203,5063,2017,2.5697
203,5063,2018,2.4879
203,5063,2019,2.4526
203,5064,2015,0.8184
203,5064,2016,0.9706
203,5064,2017,0.6941
203,5064,2018,1.0055
203,5064,2019,0.8252
63,5061,2015,0.1853
63,5061,2016,0.1858
63,5061,2017,0.1907
63,5061,2018,0.1985
63,5061,2019,0.1917
63,5062,2015,0.0912
63,5062,2016,0.0813
63,5062,2017,0.0834
63,5062,2018,0.0825
63,5062,2019,0.0833
63,5063,2015,0.0413
63,5063,2016,0.0391
63,5063,2017,0.039
63,5063,2018,0.0384
63,5063,2019,0.0384
63,5064,2015,0.0657
63,5064,2016,0.043
63,5064,2017,0.0572
63,5064,2018,0.0415
63,5064,2019,0.0681
209,5062,2015,0.0124
209,5062,2016,0.0125
209,5062,2017,0.0126
209,5062,2018,0.0126
209,5062,2019,0.0126
209,5063,2015,0.2084
209,5063,2016,0.2077
209,5063,2017,0.2096
209,5063,2018,0.2099
209,5063,2019,0.2103
209,5064,2015,0.0037
209,5064,2016,0.0018
209,5064,2017,0.0038
209,5064,2018,0.0049
209,5064,2019,0.0042
231,5061,2015,60.0968
231,5061,2016,59.783
231,5061,2017,60.1238
231,5061,2018,59.4699
231,5061,2019,59.7922
231,5062,2015,15.9459
231,5062,2016,16.1973
231,5062,2017,16.3562
231,5062,2018,16.3884
231,5062,2019,16.3877
231,5063,2015,22.8022
231,5063,2016,23.5253
231,5063,2017,23.9388
231,5063,2018,24.1074
231,5063,2019,24.2573
231,5064,2015,18.0584
231,5064,2016,20.3709
231,5064,2017,18.5673
231,5064,2018,18.6076
231,5064,2019,17.1683
238,5061,2015,1.2493
238,5061,2016,1.775
238,5061,2017,1.9235
238,5061,2018,2.1457
238,5061,2019,1.9481
238,5062,2015,0.7689
238,5062,2016,0.7966
238,5062,2017,0.8097
238,5062,2018,0.7202
238,5062,2019,0.7293
238,5063,2015,23.2421
238,5063,2016,23.9986
238,5063,2017,24.6164
238,5063,2018,24.9342
238,5063,2019,25.2571
238,5064,2015,0.8612
238,5064,2016,0.8791
238,5064,2017,0.927
238,5064,2018,0.8861
238,5064,2019,0.9245
185,5061,2015,6.4525
185,5061,2016,7.3809
185,5061,2017,7.7261
185,5061,2018,7.8753
185,5061,2019,7.6608
185,5062,2015,7.723
185,5062,2016,7.7262
185,5062,2017,7.7162
185,5062,2018,7.7506
185,5062,2019,7.6844
185,5063,2015,3.7691
185,5063,2016,3.6860000000000004
185,5063,2017,3.6638
185,5063,2018,3.6343
185,5063,2019,3.5352
185,5064,2015,4.9475
185,5064,2016,5.4665
185,5064,2017,6.0507
185,5064,2018,5.2398
185,5064,2019,5.556
66,5061,2015,0.0298
66,5061,2016,0.0216
66,5061,2017,0.0259
66,5061,2018,0.0153
66,5061,2019,0.0209
66,5062,2015,0.0221
66,5062,2016,0.0221
66,5062,2017,0.023
66,5062,2018,0.0233
66,5062,2019,0.0243
66,5063,2015,0.0636
66,5063,2016,0.0638
66,5063,2017,0.0699
66,5063,2018,0.0715
66,5063,2019,0.0813
66,5064,2015,0.0004
66,5064,2016,0.0005
66,5064,2017,0.0005
66,5064,2018,0.0004
66,5064,2019,0.0003
67,5061,2015,0.7328
67,5061,2016,0.7054
67,5061,2017,0.7096
67,5061,2018,0.7068
67,5061,2019,0.7073
67,5062,2015,0.3102
67,5062,2016,0.3095
67,5062,2017,0.3012
67,5062,2018,0.2903
67,5062,2019,0.2873
67,5063,2015,0.1398
67,5063,2016,0.1392
67,5063,2017,0.1374
67,5063,2018,0.1333
67,5063,2019,0.1303
67,5064,2015,0.1559
67,5064,2016,0.1503
67,5064,2017,0.1425
67,5064,2018,0.1193
67,5064,2019,0.1654
68,5061,2015,11.4392
68,5061,2016,11.1935
68,5061,2017,11.4087
68,5061,2018,11.4823
68,5061,2019,11.3615
68,5062,2015,5.9676
68,5062,2016,5.898
68,5062,2017,5.8256
68,5062,2018,5.7746
68,5062,2019,5.6638
68,5063,2015,3.0957
68,5063,2016,3.0864
68,5063,2017,3.0274
68,5063,2018,3.0041
68,5063,2019,2.9451
68,5064,2015,2.8463
68,5064,2016,2.1374
68,5064,2017,2.6736
68,5064,2018,2.4351
68,5064,2019,2.7648
74,5061,2015,0.0198
74,5061,2016,0.0187
74,5061,2017,0.0396
74,5061,2018,0.0317
74,5061,2019,0.03
74,5062,2015,0.0235
74,5062,2016,0.0236
74,5062,2017,0.0236
74,5062,2018,0.0236
74,5062,2019,0.0236
74,5063,2015,0.046
74,5063,2016,0.0451
74,5063,2017,0.0455
74,5063,2018,0.0456
74,5063,2019,0.046
74,5064,2015,0.002
74,5064,2016,0.002
74,5064,2017,0.002
74,5064,2018,0.0021
74,5064,2019,0.0021
75,5061,2015,0.0007
75,5061,2016,0.0007
75,5061,2017,0.0002
75,5061,2018,0.0102
75,5061,2019,0.0037
75,5062,2015,0.0065
75,5062,2016,0.0064
75,5062,2017,0.0066
75,5062,2018,0.0067
75,5062,2019,0.0068
75,5063,2015,0.1852
75,5063,2016,0.1745
75,5063,2017,0.1766
75,5063,2018,0.1778
75,5063,2019,0.1774
75,5064,2015,0.0142
75,5064,2016,0.0118
75,5064,2017,0.0104
75,5064,2018,0.0078
75,5064,2019,0.0095
73,5061,2015,0.2548
73,5061,2016,0.2605
73,5061,2017,0.2028
73,5061,2018,0.2114
73,5061,2019,0.2249
73,5062,2015,0.0403
73,5062,2016,0.040999999999999995
73,5062,2017,0.0378
73,5062,2018,0.0384
73,5062,2019,0.0387
73,5063,2015,0.4595
73,5063,2016,0.4641
73,5063,2017,0.4538
73,5063,2018,0.4322
73,5063,2019,0.4172
73,5064,2015,0.0172
73,5064,2016,0.019
73,5064,2017,0.0143
73,5064,2018,0.0167
73,5064,2019,0.0162
81,5061,2015,0.2191
81,5061,2016,0.2191
81,5061,2017,0.4188
81,5061,2018,0.2819
81,5061,2019,0.3066
81,5062,2015,0.1424
81,5062,2016,0.1498
81,5062,2017,0.1561
81,5062,2018,0.1583
81,5062,2019,0.1608
81,5063,2015,1.6196
81,5063,2016,1.7023
81,5063,2017,1.7884
81,5063,2018,1.8556
81,5063,2019,1.9268
81,5064,2015,0.1285
81,5064,2016,0.1282
81,5064,2017,0.1413
81,5064,2018,0.1609
81,5064,2019,0.1846
84,5061,2015,0.8399
84,5061,2016,0.8842
84,5061,2017,0.9281
84,5061,2018,0.9164
84,5061,2019,0.9096
84,5062,2015,0.4009
84,5062,2016,0.3993
84,5062,2017,0.4072
84,5062,2018,0.38299999999999995
84,5062,2019,0.3756
84,5063,2015,1.3181
84,5063,2016,1.2942
84,5063,2017,1.3084
84,5063,2018,1.2202
84,5063,2019,1.2131
84,5064,2015,0.1621
84,5064,2016,0.15
84,5064,2017,0.1385
84,5064,2018,0.1156
84,5064,2019,0.1123
86,5062,2015,0.0009
86,5062,2016,0.0009
86,5062,2017,0.0009
86,5062,2018,0.0009
86,5062,2019,0.0009
86,5063,2015,0.0034
86,5063,2016,0.0034
86,5063,2017,0.0034
86,5063,2018,0.0034
86,5063,2019,0.0034
86,5064,2015,0.0
86,5064,2016,0.0
86,5064,2017,0.0
86,5064,2018,0.0
86,5064,2019,0.0
87,5062,2015,0.0025
87,5062,2016,0.0022
87,5062,2017,0.0021
87,5062,2018,0.0021
87,5062,2019,0.002
87,5063,2015,0.0219
87,5063,2016,0.0217
87,5063,2017,0.0214
87,5063,2018,0.0213
87,5063,2019,0.0212
88,5064,2015,0.0
88,5064,2016,0.0
88,5064,2017,0.0
88,5064,2018,0.0
88,5064,2019,0.0
89,5061,2015,0.9277
89,5061,2016,0.8544
89,5061,2017,0.8896
89,5061,2018,0.8828
89,5061,2019,0.8756
89,5062,2015,0.4856
89,5062,2016,0.4933
89,5062,2017,0.4955
89,5062,2018,0.5104
89,5062,2019,0.5128
89,5063,2015,1.0558
89,5063,2016,1.0811
89,5063,2017,1.1026
89,5063,2018,1.1203
89,5063,2019,1.1444
89,5064,2015,0.0822
89,5064,2016,0.0837
89,5064,2017,0.0857
89,5064,2018,0.0868
89,5064,2019,0.0834
90,5061,2015,0.0123
90,5061,2016,0.0326
90,5061,2017,0.1195
90,5061,2018,0.0483
90,5061,2019,0.0668
90,5062,2015,0.0844
90,5062,2016,0.0889
90,5062,2017,0.091
90,5062,2018,0.0986
90,5062,2019,0.10400000000000001
90,5063,2015,2.2132
90,5063,2016,2.3394
90,5063,2017,2.465
90,5063,2018,2.6139
90,5063,2019,2.764
90,5064,2015,0.2116
90,5064,2016,0.2136
90,5064,2017,0.2254
90,5064,2018,0.2338
90,5064,2019,0.247
61,5062,2015,0.001
61,5062,2016,0.001
61,5062,2017,0.001
61,5062,2018,0.001
61,5062,2019,0.001
61,5063,2015,0.0065
61,5063,2016,0.0065
61,5063,2017,0.0065
61,5063,2018,0.0065
61,5063,2019,0.0066
175,5062,2015,0.0528
175,5062,2016,0.0502
175,5062,2017,0.0499
175,5062,2018,0.0497
175,5062,2019,0.0497
175,5063,2015,0.3027
175,5063,2016,0.3174
175,5063,2017,0.3231
175,5063,2018,0.3295
175,5063,2019,0.3358
175,5064,2015,0.0139
175,5064,2016,0.015
175,5064,2017,0.0138
175,5064,2018,0.0147
175,5064,2019,0.0156
91,5061,2015,0.08800000000000001
91,5061,2016,0.0568
91,5061,2017,0.0023
91,5061,2018,0.1012
91,5061,2019,0.0534
91,5062,2015,0.0456
91,5062,2016,0.0485
91,5062,2017,0.0494
91,5062,2018,0.0504
91,5062,2019,0.0514
91,5063,2015,0.0711
91,5063,2016,0.0701
91,5063,2017,0.071
91,5063,2018,0.0714
91,5063,2019,0.0721
91,5064,2015,0.0319
91,5064,2016,0.0249
91,5064,2017,0.028999999999999998
91,5064,2018,0.0378
91,5064,2019,0.0428
69,5062,2015,0.0009
69,5062,2016,0.0009
69,5062,2017,0.0009
69,5062,2018,0.0009
69,5062,2019,0.0009
69,5063,2015,0.0055
69,5063,2016,0.0057
69,5063,2017,0.0056
69,5063,2018,0.0055
69,5063,2019,0.0054
69,5064,2015,0.0002
69,5064,2016,0.0002
69,5064,2017,0.0002
69,5064,2018,0.0002
69,5064,2019,0.0002
93,5062,2015,0.1553
93,5062,2016,0.1576
93,5062,2017,0.157
93,5062,2018,0.157
93,5062,2019,0.1573
93,5063,2015,0.7897
93,5063,2016,0.8247
93,5063,2017,0.8202
93,5063,2018,0.8145
93,5063,2019,0.8164
93,5064,2015,0.0336
93,5064,2016,0.0346
93,5064,2017,0.0343
93,5064,2018,0.035
93,5064,2019,0.0347
95,5061,2015,0.3849
95,5061,2016,0.4907
95,5061,2017,0.563
95,5061,2018,0.5627
95,5061,2019,0.5388
95,5062,2015,0.2328
95,5062,2016,0.2342
95,5062,2017,0.2344
95,5062,2018,0.2356
95,5062,2019,0.2369
95,5063,2015,0.8065
95,5063,2016,0.8166
95,5063,2017,0.8222
95,5063,2018,0.8282
95,5063,2019,0.8342
95,5064,2015,0.0326
95,5064,2016,0.0324
95,5064,2017,0.0343
95,5064,2018,0.0358
95,5064,2019,0.0316
97,5061,2015,1.7302
97,5061,2016,1.7742
97,5061,2017,1.9138
97,5061,2018,2.1634
97,5061,2019,1.9505
97,5062,2015,0.5331
97,5062,2016,0.541
97,5062,2017,0.5317
97,5062,2018,0.5399
97,5062,2019,0.5308
97,5063,2015,0.1749
97,5063,2016,0.1766
97,5063,2017,0.174
97,5063,2018,0.1722
97,5063,2019,0.1698
97,5064,2015,0.5064
97,5064,2016,0.5770000000000001
97,5064,2017,0.5013
97,5064,2018,0.5207
97,5064,2019,0.5461
47,5061,2015,0.0001
47,5061,2016,0.0002
47,5061,2017,0.0001
47,5061,2018,0.0001
47,5061,2019,0.0001
47,5062,2015,0.0014
47,5062,2016,0.0011
47,5062,2017,0.0009
47,5062,2018,0.0008
47,5062,2019,0.0007
47,5063,2015,0.0002
47,5063,2016,0.0002
47,5063,2017,0.0002
47,5063,2018,0.0002
47,5063,2019,0.0002
64,5062,2015,0.0014
64,5062,2016,0.0013
64,5062,2017,0.0013
64,5062,2018,0.0013
64,5062,2019,0.0013
64,5063,2015,0.0066
64,5063,2016,0.0063
64,5063,2017,0.0064
64,5063,2018,0.0064
64,5063,2019,0.0064
64,5064,2015,0.0
64,5064,2016,0.0
64,5064,2017,0.0
64,5064,2018,0.0
64,5064,2019,0.0
25,5062,2015,0.0034
25,5062,2016,0.0034
25,5062,2017,0.0034
25,5062,2018,0.0034
25,5062,2019,0.0034
25,5063,2015,0.0056
25,5063,2016,0.0057
25,5063,2017,0.0058
25,5063,2018,0.0058
25,5063,2019,0.0059
25,5064,2015,0.0002
25,5064,2016,0.0002
25,5064,2017,0.0002
25,5064,2018,0.0002
25,5064,2019,0.0002
100,5061,2015,88.7228
100,5061,2016,85.4701
100,5061,2017,86.6069
100,5061,2018,90.0297
100,5061,2019,87.3689
100,5062,2015,14.8833
100,5062,2016,15.0184
100,5062,2017,15.1586
100,5062,2018,15.3224
100,5062,2019,15.3553
100,5063,2015,44.7804
100,5063,2016,45.3686
100,5063,2017,45.9324
100,5063,2018,46.544
100,5063,2019,47.1262
100,5064,2015,14.3021
100,5064,2016,14.9591
100,5064,2017,15.5023
100,5064,2018,15.6918
100,5064,2019,15.7621
101,5061,2015,14.395
101,5061,2016,15.1377
101,5061,2017,15.0762
101,5061,2018,16.5323
101,5061,2019,15.5821
101,5062,2015,4.6968
101,5062,2016,4.89
101,5062,2017,6.8660000000000005
101,5062,2018,7.1362
101,5062,2019,7.268
101,5063,2015,7.621
101,5063,2016,7.6379
101,5063,2017,9.3869
101,5063,2018,9.5939
101,5063,2019,9.8372
101,5064,2015,3.089
101,5064,2016,3.1467
101,5064,2017,3.2976
101,5064,2018,3.3488
101,5064,2019,3.1813
102,5061,2015,2.8807
102,5061,2016,2.8851
102,5061,2017,2.8851
102,5061,2018,2.8851
102,5061,2019,2.8851
102,5062,2015,2.1316
102,5062,2016,2.2446
102,5062,2017,2.2159
102,5062,2018,2.2541
102,5062,2019,2.3079
102,5063,2015,6.2432
102,5063,2016,6.2371
102,5063,2017,6.0534
102,5063,2018,6.0647
102,5063,2019,6.1512
102,5064,2015,0.8876
102,5064,2016,1.0573
102,5064,2017,0.892
102,5064,2018,0.9675
102,5064,2019,1.1398
103,5061,2015,0.32299999999999995
103,5061,2016,0.5336
103,5061,2017,0.9241
103,5061,2018,0.9241
103,5061,2019,0.7939
103,5062,2015,0.0828
103,5062,2016,0.0843
103,5062,2017,0.0895
103,5062,2018,0.0946
103,5062,2019,0.0932
103,5063,2015,1.4187
103,5063,2016,1.4374
103,5063,2017,1.4657
103,5063,2018,1.4942
103,5063,2019,1.5069
103,5064,2015,0.1591
103,5064,2016,0.1806
103,5064,2017,0.1715
103,5064,2018,0.1196
103,5064,2019,0.3166
104,5061,2015,1.6465
104,5061,2016,1.5444
104,5061,2017,1.7581
104,5061,2018,2.0215
104,5061,2019,1.7747
104,5062,2015,1.6755
104,5062,2016,1.745
104,5062,2017,1.7752
104,5062,2018,1.5599
104,5062,2019,1.5674
104,5063,2015,1.2686
104,5063,2016,1.3031
104,5063,2017,1.3193
104,5063,2018,1.2242
104,5063,2019,1.2249
104,5064,2015,0.1088
104,5064,2016,0.0965
104,5064,2017,0.1
104,5064,2018,0.0744
104,5064,2019,0.0929
99,5061,2015,0.0581
99,5061,2016,0.0553
99,5061,2017,0.0667
99,5061,2018,0.06
99,5061,2019,0.0607
99,5062,2015,0.0283
99,5062,2016,0.0282
99,5062,2017,0.0282
99,5062,2018,0.0279
99,5062,2019,0.0275
99,5063,2015,0.0685
99,5063,2016,0.0675
99,5063,2017,0.0647
99,5063,2018,0.0632
99,5063,2019,0.0615
99,5064,2015,0.0003
99,5064,2016,0.0004
99,5064,2017,0.0004
99,5064,2018,0.0002
99,5064,2019,0.0004
105,5061,2015,0.2303
105,5061,2016,0.239
105,5061,2017,0.2564
105,5061,2018,0.2564
105,5061,2019,0.2506
105,5062,2015,0.0741
105,5062,2016,0.0706
105,5062,2017,0.0734
105,5062,2018,0.0715
105,5062,2019,0.0716
105,5063,2015,0.3404
105,5063,2016,0.3281
105,5063,2017,0.3352
105,5063,2018,0.34299999999999997
105,5063,2019,0.3492
105,5064,2015,0.0158
105,5064,2016,0.0138
105,5064,2017,0.0096
105,5064,2018,0.0089
105,5064,2019,0.0097
106,5061,2015,3.091
106,5061,2016,3.0782
106,5061,2017,3.0751
106,5061,2018,3.0751
106,5061,2019,3.0761
106,5062,2015,2.7299
106,5062,2016,2.7675
106,5062,2017,2.7871
106,5062,2018,2.101
106,5062,2019,2.0997
106,5063,2015,1.5259
106,5063,2016,1.5619999999999998
106,5063,2017,1.5487
106,5063,2018,1.5667
106,5063,2019,1.5645
106,5064,2015,0.7033
106,5064,2016,0.7251
106,5064,2017,0.655
106,5064,2018,0.6685
106,5064,2019,0.6524
109,5061,2015,0.0136
109,5061,2016,0.016
109,5061,2017,0.0192
109,5061,2018,0.0189
109,5061,2019,0.018000000000000002
109,5062,2015,0.0431
109,5062,2016,0.0435
109,5062,2017,0.0423
109,5062,2018,0.0427
109,5062,2019,0.0427
109,5063,2015,0.1137
109,5063,2016,0.1122
109,5063,2017,0.1118
109,5063,2018,0.1111
109,5063,2019,0.1106
109,5064,2015,0.0002
109,5064,2016,0.0002
109,5064,2017,0.0002
109,5064,2018,0.0002
109,5064,2019,0.0002
110,5061,2015,1.834
110,5061,2016,1.9422
110,5061,2017,1.9872
110,5061,2018,1.9872
110,5061,2019,1.9722
110,5062,2015,1.1059999999999999
110,5062,2016,1.1
110,5062,2017,1.1042
110,5062,2018,1.1158
110,5062,2019,1.1154
110,5063,2015,0.9003
110,5063,2016,0.8938
110,5063,2017,0.899
110,5063,2018,0.9133
110,5063,2019,0.9141
110,5064,2015,0.4889
110,5064,2016,0.4774
110,5064,2017,0.4793
110,5064,2018,0.4656
110,5064,2019,0.4759
112,5061,2015,0.1763
112,5061,2016,0.1129
112,5061,2017,0.1026
112,5061,2018,0.1017
112,5061,2019,0.1057
112,5062,2015,0.0221
112,5062,2016,0.0225
112,5062,2017,0.0224
112,5062,2018,0.0226
112,5062,2019,0.0233
112,5063,2015,0.3767
112,5063,2016,0.43799999999999994
112,5063,2017,0.4068
112,5063,2018,0.4036
112,5063,2019,0.3963
112,5064,2015,0.0056
112,5064,2016,0.0059
112,5064,2017,0.0051
112,5064,2018,0.0049
112,5064,2019,0.0064
108,5061,2015,0.4675
108,5061,2016,0.5204
108,5061,2017,0.5357
108,5061,2018,0.5357
108,5061,2019,0.5306
108,5062,2015,1.0859
108,5062,2016,1.1155
108,5062,2017,1.1589
108,5062,2018,1.2134
108,5062,2019,1.2526
108,5063,2015,2.6332
108,5063,2016,2.7222
108,5063,2017,2.8234
108,5063,2018,2.9654
108,5063,2019,3.0849
108,5064,2015,0.9655
108,5064,2016,1.0561
108,5064,2017,1.061
108,5064,2018,1.0547
108,5064,2019,0.9434
114,5061,2015,0.6783
114,5061,2016,0.5084
114,5061,2017,0.4279
114,5061,2018,0.3061
114,5061,2019,0.4142
114,5062,2015,0.4134
114,5062,2016,0.455
114,5062,2017,0.42
114,5062,2018,0.42100000000000004
114,5062,2019,0.4519
114,5063,2015,9.9723
114,5063,2016,10.878
114,5063,2017,10.1396
114,5063,2018,10.5936
114,5063,2019,12.6983
114,5064,2015,0.231
114,5064,2016,0.2134
114,5064,2017,0.2055
114,5064,2018,0.2498
114,5064,2019,0.2537
113,5061,2015,0.0653
113,5061,2016,0.0719
113,5061,2017,0.0476
113,5061,2018,0.1276
113,5061,2019,0.0824
113,5062,2015,0.2905
113,5062,2016,0.2988
113,5062,2017,0.3055
113,5062,2018,0.3138
113,5062,2019,0.3214
113,5063,2015,0.7191
113,5063,2016,0.7316
113,5063,2017,0.7426
113,5063,2018,0.7586
113,5063,2019,0.7767
113,5064,2015,0.0851
113,5064,2016,0.0851
113,5064,2017,0.0832
113,5064,2018,0.0856
113,5064,2019,0.0864
83,5062,2015,0.0021
83,5062,2016,0.0022
83,5062,2017,0.0023
83,5062,2018,0.0023
83,5062,2019,0.0023
83,5063,2015,0.0
83,5063,2016,0.0001
83,5063,2017,0.0001
83,5063,2018,0.0001
83,5063,2019,0.0001
118,5061,2015,0.0117
118,5061,2016,0.0102
118,5061,2017,0.0102
118,5061,2018,0.0102
118,5061,2019,0.0102
118,5062,2015,0.0386
118,5062,2016,0.0383
118,5062,2017,0.0408
118,5062,2018,0.0407
118,5062,2019,0.0415
118,5063,2015,0.1681
118,5063,2016,0.1769
118,5063,2017,0.1847
118,5063,2018,0.1873
118,5063,2019,0.1897
118,5064,2015,0.0006
118,5064,2016,0.0003
118,5064,2017,0.0005
118,5064,2018,0.0005
118,5064,2019,0.0008
122,5062,2015,0.0193
122,5062,2016,0.0182
122,5062,2017,0.0153
122,5062,2018,0.0151
122,5062,2019,0.0148
122,5063,2015,0.3634
122,5063,2016,0.3536
122,5063,2017,0.4231
122,5063,2018,0.4056
122,5063,2019,0.3798
122,5064,2015,0.006
122,5064,2016,0.0028
122,5064,2017,0.0117
122,5064,2018,0.0107
122,5064,2019,0.0034
119,5061,2015,0.3872
119,5061,2016,0.3998
119,5061,2017,0.3955
119,5061,2018,0.3807
119,5061,2019,0.392
119,5062,2015,0.1388
119,5062,2016,0.1368
119,5062,2017,0.1297
119,5062,2018,0.1236
119,5062,2019,0.12300000000000001
119,5063,2015,0.0631
119,5063,2016,0.0634
119,5063,2017,0.0627
119,5063,2018,0.0604
119,5063,2019,0.0594
119,5064,2015,0.1338
119,5064,2016,0.1218
119,5064,2017,0.1219
119,5064,2018,0.0911
119,5064,2019,0.1359
121,5061,2015,0.0966
121,5061,2016,0.106
121,5061,2017,0.11699999999999999
121,5061,2018,0.0864
121,5061,2019,0.1032
121,5062,2015,0.0485
121,5062,2016,0.0513
121,5062,2017,0.0511
121,5062,2018,0.0528
121,5062,2019,0.0547
121,5063,2015,0.2355
121,5063,2016,0.2405
121,5063,2017,0.2444
121,5063,2018,0.2484
121,5063,2019,0.2529
121,5064,2015,0.0115
121,5064,2016,0.0122
121,5064,2017,0.0117
121,5064,2018,0.0116
121,5064,2019,0.0112
123,5062,2015,0.0328
123,5062,2016,0.0385
123,5062,2017,0.0406
123,5062,2018,0.0424
123,5062,2019,0.0442
123,5063,2015,0.0857
123,5063,2016,0.092
123,5063,2017,0.0951
123,5063,2018,0.0976
123,5063,2019,0.1001
123,5064,2015,0.0262
123,5064,2016,0.0307
123,5064,2017,0.023
123,5064,2018,0.0236
123,5064,2019,0.0213
124,5061,2015,0.0715
124,5061,2016,0.0797
124,5061,2017,0.0751
124,5061,2018,0.0751
124,5061,2019,0.0766
124,5062,2015,0.0387
124,5062,2016,0.0404
124,5062,2017,0.0408
124,5062,2018,0.0412
124,5062,2019,0.0416
124,5063,2015,0.9856
124,5063,2016,1.0186
124,5063,2017,1.0276
124,5063,2018,1.0367
124,5063,2019,1.0462
124,5064,2015,0.0188
124,5064,2016,0.0191
124,5064,2017,0.0157
124,5064,2018,0.0166
124,5064,2019,0.0166
126,5061,2015,0.8315
126,5061,2016,0.8184
126,5061,2017,0.8537
126,5061,2018,0.8142
126,5061,2019,0.8288
126,5062,2015,0.2588
126,5062,2016,0.2513
126,5062,2017,0.2443
126,5062,2018,0.2273
126,5062,2019,0.2243
126,5063,2015,0.1069
126,5063,2016,0.1068
126,5063,2017,0.1046
126,5063,2018,0.099
126,5063,2019,0.0951
126,5064,2015,0.2481
126,5064,2016,0.2157
126,5064,2017,0.21600000000000003
126,5064,2018,0.1709
126,5064,2019,0.2143
256,5061,2015,0.0664
256,5061,2016,0.0701
256,5061,2017,0.0693
256,5061,2018,0.0666
256,5061,2019,0.0687
256,5062,2015,0.0497
256,5062,2016,0.0504
256,5062,2017,0.0511
256,5062,2018,0.049
256,5062,2019,0.0489
256,5063,2015,0.0257
256,5063,2016,0.0258
256,5063,2017,0.026000000000000002
256,5063,2018,0.0251
256,5063,2019,0.025
256,5064,2015,0.0063
256,5064,2016,0.005
256,5064,2017,0.0054
256,5064,2018,0.0055
256,5064,2019,0.0057
154,5061,2015,0.1003
154,5061,2016,0.115
154,5061,2017,0.1072
154,5061,2018,0.0915
154,5061,2019,0.1046
154,5062,2015,0.0956
154,5062,2016,0.0973
154,5062,2017,0.0984
154,5062,2018,0.0969
154,5062,2019,0.0818
154,5063,2015,0.1103
154,5063,2016,0.1113
154,5063,2017,0.11199999999999999
154,5063,2018,0.1115
154,5063,2019,0.0993
154,5064,2015,0.0217
154,5064,2016,0.0281
154,5064,2017,0.0206
154,5064,2018,0.0255
154,5064,2019,0.0247
129,5061,2015,0.084
129,5061,2016,0.0477
129,5061,2017,0.1603
129,5061,2018,0.1463
129,5061,2019,0.1181
129,5062,2015,0.2862
129,5062,2016,0.2912
129,5062,2017,0.295
129,5062,2018,0.2957
129,5062,2019,0.2422
129,5063,2015,3.1436
129,5063,2016,3.1510000000000002
129,5063,2017,3.1576
129,5063,2018,3.158
129,5063,2019,3.0699
129,5064,2015,0.1782
129,5064,2016,0.1789
129,5064,2017,0.1657
129,5064,2018,0.179
129,5064,2019,0.1856
131,5061,2015,2.7489
131,5061,2016,2.6928
131,5061,2017,2.4357
131,5061,2018,1.9529
131,5061,2019,2.3604
131,5062,2015,0.5911
131,5062,2016,0.5861
131,5062,2017,0.5959
131,5062,2018,0.5443
131,5062,2019,0.5694
131,5063,2015,0.5521
131,5063,2016,0.5539
131,5063,2017,0.5524
131,5063,2018,0.5031
131,5063,2019,0.5254
131,5064,2015,0.1229
131,5064,2016,0.1234
131,5064,2017,0.1188
131,5064,2018,0.1215
131,5064,2019,0.1275
130,5061,2015,0.5589
130,5061,2016,0.3232
130,5061,2017,0.4416
130,5061,2018,0.4499
130,5061,2019,0.4049
130,5062,2015,0.3311
130,5062,2016,0.3467
130,5062,2017,0.3936
130,5062,2018,0.6421
130,5062,2019,0.7285
130,5063,2015,1.0809
130,5063,2016,1.1804
130,5063,2017,1.2274
130,5063,2018,1.334
130,5063,2019,1.4143
130,5064,2015,0.1427
130,5064,2016,0.1297
130,5064,2017,0.1684
130,5064,2018,0.1456
130,5064,2019,0.1595
132,5061,2015,0.0012
132,5061,2016,0.0017
132,5061,2017,0.0018
132,5061,2018,0.0021
132,5061,2019,0.0019
132,5064,2015,0.0
132,5064,2016,0.0
132,5064,2017,0.0
132,5064,2018,0.0
132,5064,2019,0.0
133,5061,2015,0.5376
133,5061,2016,0.616
133,5061,2017,0.526
133,5061,2018,0.526
133,5061,2019,0.556
133,5062,2015,0.1954
133,5062,2016,0.21
133,5062,2017,0.2212
133,5062,2018,0.2296
133,5062,2019,0.2398
133,5063,2015,6.5308
133,5063,2016,7.0493
133,5063,2017,7.5385
133,5063,2018,7.8359
133,5063,2019,8.1502
133,5064,2015,0.3663
133,5064,2016,0.3989
133,5064,2017,0.4047
133,5064,2018,0.4417
133,5064,2019,0.4508
134,5061,2015,0.0209
134,5061,2016,0.0108
134,5061,2017,0.0032
134,5061,2018,0.0066
134,5061,2019,0.0069
134,5062,2015,0.0094
134,5062,2016,0.0091
134,5062,2017,0.0086
134,5062,2018,0.0058
134,5062,2019,0.0057
134,5063,2015,0.0037
134,5063,2016,0.0037
134,5063,2017,0.0037
134,5063,2018,0.0035
134,5063,2019,0.0035
134,5064,2015,0.0006
134,5064,2016,0.0006
134,5064,2017,0.0007
134,5064,2018,0.0001
134,5064,2019,0.0001
143,5061,2015,1.2423
143,5061,2016,0.5828
143,5061,2017,1.2691
143,5061,2018,1.2691
143,5061,2019,1.0404
143,5062,2015,0.2364
143,5062,2016,0.2433
143,5062,2017,0.2515
143,5062,2018,0.2577
143,5062,2019,0.2599
143,5063,2015,3.8588
143,5063,2016,3.9292
143,5063,2017,3.9446
143,5063,2018,4.0375
143,5063,2019,4.1689
143,5064,2015,0.5670000000000001
143,5064,2016,0.2126
143,5064,2017,0.4929
143,5064,2018,0.5001
143,5064,2019,0.2822
135,5062,2015,0.002
135,5062,2016,0.0018
135,5062,2017,0.0017
135,5062,2018,0.0015
135,5062,2019,0.0014
135,5063,2015,0.0064
135,5063,2016,0.0064
135,5063,2017,0.0061
135,5063,2018,0.0056
135,5063,2019,0.0054
137,5061,2015,0.0336
137,5061,2016,0.0462
137,5061,2017,0.0428
137,5061,2018,0.0378
137,5061,2019,0.0423
137,5062,2015,0.0094
137,5062,2016,0.0101
137,5062,2017,0.0099
137,5062,2018,0.0099
137,5062,2019,0.0099
137,5063,2015,0.0349
137,5063,2016,0.0371
137,5063,2017,0.037000000000000005
137,5063,2018,0.0378
137,5063,2019,0.0383
137,5064,2015,0.0002
137,5064,2016,0.0001
137,5064,2017,0.0001
137,5064,2018,0.0001
137,5064,2019,0.0001
136,5062,2015,0.0627
136,5062,2016,0.0646
136,5062,2017,0.0636
136,5062,2018,0.0638
136,5062,2019,0.0644
136,5063,2015,2.5381
136,5063,2016,2.6076
136,5063,2017,2.5688
136,5063,2018,2.5763
136,5063,2019,2.6004
136,5064,2015,0.0188
136,5064,2016,0.0189
136,5064,2017,0.019
136,5064,2018,0.0238
136,5064,2019,0.0245
138,5061,2015,4.6954
138,5061,2016,7.6160000000000005
138,5061,2017,7.4359
138,5061,2018,6.8019
138,5061,2019,7.2846
138,5062,2015,3.1373
138,5062,2016,3.199
138,5062,2017,3.2612
138,5062,2018,3.3458
138,5062,2019,3.4226
138,5063,2015,13.5101
138,5063,2016,13.6094
138,5063,2017,13.7525
138,5063,2018,13.8945
138,5063,2019,14.0198
138,5064,2015,1.2483
138,5064,2016,1.3631
138,5064,2017,1.325
138,5064,2018,1.264
138,5064,2019,1.2447
145,5062,2015,0.0025
145,5062,2016,0.0025
145,5062,2017,0.0026
145,5062,2018,0.0026
145,5062,2019,0.0026
145,5063,2015,0.0068
145,5063,2016,0.006999999999999999
145,5063,2017,0.0071
145,5063,2018,0.0073
145,5063,2019,0.0074
145,5064,2015,0.0
145,5064,2016,0.0
145,5064,2017,0.0
145,5064,2018,0.0
145,5064,2019,0.0
141,5061,2015,0.1056
141,5061,2016,0.1173
141,5061,2017,0.1822
141,5061,2018,0.2069
141,5061,2019,0.1688
141,5062,2015,0.9229
141,5062,2016,1.0089
141,5062,2017,1.0851
141,5062,2018,1.0899
141,5062,2019,1.1667
141,5063,2015,5.2883
141,5063,2016,5.8015
141,5063,2017,6.2427
141,5063,2018,6.2564
141,5063,2019,6.6926
141,5064,2015,0.0154
141,5064,2016,0.0267
141,5064,2017,0.015
141,5064,2018,0.0245
141,5064,2019,0.0242
273,5061,2015,0.0066
273,5061,2016,0.0068
273,5061,2017,0.0053
273,5061,2018,0.0064
273,5061,2019,0.0062
273,5062,2015,0.0345
273,5062,2016,0.0354
273,5062,2017,0.0335
273,5062,2018,0.0322
273,5062,2019,0.0313
273,5063,2015,0.0336
273,5063,2016,0.033
273,5063,2017,0.0322
273,5063,2018,0.0316
273,5063,2019,0.0308
273,5064,2015,0.0005
273,5064,2016,0.0005
273,5064,2017,0.0005
273,5064,2018,0.0005
273,5064,2019,0.0005
142,5064,2015,0.0
142,5064,2016,0.0
142,5064,2017,0.0
142,5064,2018,0.0
142,5064,2019,0.0
144,5061,2015,0.0616
144,5061,2016,0.098
144,5061,2017,0.1155
144,5061,2018,0.1354
144,5061,2019,0.1163
144,5062,2015,0.1886
144,5062,2016,0.2017
144,5062,2017,0.2069
144,5062,2018,0.2045
144,5062,2019,0.2039
144,5063,2015,0.8593
144,5063,2016,0.9606
144,5063,2017,1.0135
144,5063,2018,1.0288
144,5063,2019,1.0335
144,5064,2015,0.0921
144,5064,2016,0.1019
144,5064,2017,0.102
144,5064,2018,0.2214
144,5064,2019,0.1939
28,5061,2015,0.5969
28,5061,2016,0.7643
28,5061,2017,1.3088
28,5061,2018,1.3856
28,5061,2019,1.1529
28,5062,2015,2.8996
28,5062,2016,2.9732
28,5062,2017,3.0944
28,5062,2018,3.2772
28,5062,2019,3.4704
28,5063,2015,3.7256
28,5063,2016,3.8923
28,5063,2017,4.109
28,5063,2018,4.4086
28,5063,2019,4.6807
28,5064,2015,1.4458
28,5064,2016,1.4316
28,5064,2017,1.4752
28,5064,2018,1.5201
28,5064,2019,1.4725
147,5061,2015,0.053
147,5061,2016,0.1003
147,5061,2017,0.0962
147,5061,2018,0.10400000000000001
147,5061,2019,0.1002
147,5062,2015,0.0363
147,5062,2016,0.039
147,5062,2017,0.0381
147,5062,2018,0.0383
147,5062,2019,0.0385
147,5063,2015,1.1166
147,5063,2016,1.2142
147,5063,2017,1.162
147,5063,2018,1.1447
147,5063,2019,1.1394
147,5064,2015,0.0061
147,5064,2016,0.0045
147,5064,2017,0.0069
147,5064,2018,0.0075
147,5064,2019,0.0034
148,5061,2015,0.0
148,5061,2016,0.0
148,5061,2017,0.0
148,5061,2018,0.0
148,5061,2019,0.0
148,5062,2015,0.0001
148,5062,2016,0.0001
148,5062,2017,0.0001
148,5062,2018,0.0001
148,5062,2019,0.0001
148,5063,2015,0.0
148,5063,2016,0.0
148,5063,2017,0.0
148,5063,2018,0.0
148,5063,2019,0.0
149,5061,2015,0.5403
149,5061,2016,0.5399
149,5061,2017,0.46799999999999997
149,5061,2018,0.6499
149,5061,2019,0.5526
149,5062,2015,0.6418
149,5062,2016,0.6756
149,5062,2017,0.6808
149,5062,2018,0.6951
149,5062,2019,0.7070000000000001
149,5063,2015,2.0849
149,5063,2016,2.1802
149,5063,2017,2.2022
149,5063,2018,2.2637
149,5063,2019,2.3364
149,5064,2015,0.4311
149,5064,2016,0.4065
149,5064,2017,0.4517
149,5064,2018,0.455
149,5064,2019,0.4745
157,5061,2015,0.2859
157,5061,2016,0.3036
157,5061,2017,0.3965
157,5061,2018,0.2467
157,5061,2019,0.3156
157,5062,2015,0.3121
157,5062,2016,0.2894
157,5062,2017,0.2749
157,5062,2018,0.2826
157,5062,2019,0.2882
157,5063,2015,1.3668
157,5063,2016,1.3661
157,5063,2017,1.325
157,5063,2018,1.3774
157,5063,2019,1.4117
157,5064,2015,0.039
157,5064,2016,0.0475
157,5064,2017,0.0455
157,5064,2018,0.0427
157,5064,2019,0.0462
158,5061,2015,0.0343
158,5061,2016,0.0329
158,5061,2017,0.0329
158,5061,2018,0.0329
158,5061,2019,0.0329
158,5062,2015,0.1831
158,5062,2016,0.1917
158,5062,2017,0.2009
158,5062,2018,0.2105
158,5062,2019,0.2205
158,5063,2015,6.4767
158,5063,2016,6.777
158,5063,2017,7.0932
158,5063,2018,7.4253
158,5063,2019,7.7747
158,5064,2015,0.3349
158,5064,2016,0.3614
158,5064,2017,0.3681
158,5064,2018,0.3772
158,5064,2019,0.3441
159,5061,2015,1.0015
159,5061,2016,1.4747
159,5061,2017,2.3303
159,5061,2018,2.2637
159,5061,2019,2.0229
159,5062,2015,1.1531
159,5062,2016,1.2016
159,5062,2017,1.2415
159,5062,2018,1.2584
159,5062,2019,1.2582
159,5063,2015,16.5155
159,5063,2016,16.9991
159,5063,2017,17.3403
159,5063,2018,17.7143
159,5063,2019,18.0607
159,5064,2015,1.2879
159,5064,2016,1.5118
159,5064,2017,1.5244
159,5064,2018,1.5638
159,5064,2019,1.5086
160,5062,2015,0.0001
160,5062,2016,0.0001
160,5062,2017,0.0001
160,5062,2018,0.0001
160,5062,2019,0.0001
160,5063,2015,0.0
160,5063,2016,0.0
160,5063,2017,0.0
160,5063,2018,0.0
160,5063,2019,0.0
162,5061,2015,0.524
162,5061,2016,0.5219
162,5061,2017,0.5072
162,5061,2018,0.5229
162,5061,2019,0.5174
162,5062,2015,0.3177
162,5062,2016,0.3199
162,5062,2017,0.3264
162,5062,2018,0.322
162,5062,2019,0.3274
162,5063,2015,0.3249
162,5063,2016,0.335
162,5063,2017,0.3305
162,5063,2018,0.32899999999999996
162,5063,2019,0.3204
162,5064,2015,0.0576
162,5064,2016,0.0558
162,5064,2017,0.0556
162,5064,2018,0.0347
162,5064,2019,0.0566
153,5061,2015,0.0029
153,5061,2016,0.0029
153,5061,2017,0.0029
153,5061,2018,0.0029
153,5061,2019,0.0029
153,5062,2015,0.005
153,5062,2016,0.0048
153,5062,2017,0.0048
153,5062,2018,0.0048
153,5062,2019,0.0048
153,5063,2015,0.0351
153,5063,2016,0.034
153,5063,2017,0.0339
153,5063,2018,0.0335
153,5063,2019,0.033
153,5064,2015,0.0002
153,5064,2016,0.0003
153,5064,2017,0.0003
153,5064,2018,0.0003
153,5064,2019,0.0003
156,5061,2015,2.191
156,5061,2016,2.2063
156,5061,2017,2.2625
156,5061,2018,2.3391
156,5061,2019,2.2693
156,5062,2015,0.4597
156,5062,2016,0.4708
156,5062,2017,0.4685
156,5062,2018,0.4679
156,5062,2019,0.4645
156,5063,2015,7.7957
156,5063,2016,7.6473
156,5063,2017,7.6278
156,5063,2018,7.5797
156,5063,2019,7.5263
156,5064,2015,0.045
156,5064,2016,0.0441
156,5064,2017,0.0378
156,5064,2018,0.0399
156,5064,2019,0.0415
221,5061,2015,0.0477
221,5061,2016,0.0615
221,5061,2017,0.0449
221,5061,2018,0.0522
221,5061,2019,0.0529
221,5062,2015,0.0095
221,5062,2016,0.0098
221,5062,2017,0.01
221,5062,2018,0.0102
221,5062,2019,0.0103
221,5063,2015,0.4599
221,5063,2016,0.4691
221,5063,2017,0.4782
221,5063,2018,0.4876
221,5063,2019,0.4972
221,5064,2015,0.0023
221,5064,2016,0.0018
221,5064,2017,0.0019
221,5064,2018,0.0019
221,5064,2019,0.0019
226,5061,2015,0.0107
226,5061,2016,0.0436
226,5061,2017,0.0389
226,5061,2018,0.0572
226,5061,2019,0.0466
226,5062,2015,0.455
226,5062,2016,0.4824
226,5062,2017,0.4916
226,5062,2018,0.5027
226,5062,2019,0.5139
226,5063,2015,5.5879
226,5063,2016,5.9144
226,5063,2017,6.1169
226,5063,2018,6.2942
226,5063,2019,6.4715
226,5064,2015,0.1822
226,5064,2016,0.1555
226,5064,2017,0.1738
226,5064,2018,0.1745
226,5064,2019,0.1702
235,5061,2015,3.6234
235,5061,2016,3.6839
235,5061,2017,3.6839
235,5061,2018,3.6839
235,5061,2019,3.6839
235,5062,2015,1.6569
235,5062,2016,1.8595
235,5062,2017,1.9096
235,5062,2018,1.9672
235,5062,2019,2.0004
235,5063,2015,2.8112
235,5063,2016,3.0463
235,5063,2017,3.1451
235,5063,2018,3.2485
235,5063,2019,3.2895
235,5064,2015,0.361
235,5064,2016,0.3633
235,5064,2017,0.3215
235,5064,2018,0.2866
235,5064,2019,0.3209
165,5061,2015,16.1412
165,5061,2016,16.5569
165,5061,2017,17.6039
165,5061,2018,17.6039
165,5061,2019,17.2549
165,5062,2015,4.7326
165,5062,2016,5.2637
165,5062,2017,5.8383
165,5062,2018,6.1067
165,5062,2019,6.3893
165,5063,2015,17.1644
165,5063,2016,17.9516
165,5063,2017,18.7876
165,5063,2018,19.3839
165,5063,2019,20.000999999999998
165,5064,2015,1.8513
165,5064,2016,1.9011
165,5064,2017,1.9703
165,5064,2018,1.9146
165,5064,2019,1.9192
299,5062,2015,0.0055
299,5062,2016,0.0066
299,5062,2017,0.0061
299,5062,2018,0.009000000000000001
299,5062,2019,0.0092
299,5063,2015,0.1064
299,5063,2016,0.1046
299,5063,2017,0.1037
299,5063,2018,0.1139
299,5063,2019,0.1118
299,5064,2015,0.0027
299,5064,2016,0.0029
299,5064,2017,0.0027
299,5064,2018,0.0027
299,5064,2019,0.0027
166,5061,2015,0.0833
166,5061,2016,0.0487
166,5061,2017,0.0613
166,5061,2018,0.0593
166,5061,2019,0.0565
166,5062,2015,0.1073
166,5062,2016,0.1102
166,5062,2017,0.1128
166,5062,2018,0.11199999999999999
166,5062,2019,0.1123
166,5063,2015,0.4506
166,5063,2016,0.4526
166,5063,2017,0.4452
166,5063,2018,0.4545
166,5063,2019,0.4399
166,5064,2015,0.0184
166,5064,2016,0.0199
166,5064,2017,0.0194
166,5064,2018,0.0203
166,5064,2019,0.0187
168,5061,2015,0.1056
168,5061,2016,0.1073
168,5061,2017,0.1346
168,5061,2018,0.1621
168,5061,2019,0.1347
168,5062,2015,0.0971
168,5062,2016,0.1013
168,5062,2017,0.1022
168,5062,2018,0.1034
168,5062,2019,0.1045
168,5063,2015,0.0357
168,5063,2016,0.0359
168,5063,2017,0.0358
168,5063,2018,0.0358
168,5063,2019,0.0358
168,5064,2015,0.0006
168,5064,2016,0.0006
168,5064,2017,0.0006
168,5064,2018,0.0006
168,5064,2019,0.0006
169,5061,2015,0.6246
169,5061,2016,0.6141
169,5061,2017,0.6834
169,5061,2018,0.6798
169,5061,2019,0.6591
169,5062,2015,0.2424
169,5062,2016,0.2445
169,5062,2017,0.2533
169,5062,2018,0.2455
169,5062,2019,0.2577
169,5063,2015,3.9051
169,5063,2016,3.8127
169,5063,2017,3.7797
169,5063,2018,3.6875
169,5063,2019,3.7707
169,5064,2015,0.6598
169,5064,2016,0.6659
169,5064,2017,0.7038
169,5064,2018,0.7195
169,5064,2019,0.6839
150,5061,2015,1.2327
150,5061,2016,1.1444
150,5061,2017,1.1459
150,5061,2018,1.0266
150,5061,2019,1.1056
150,5062,2015,2.1163
150,5062,2016,2.1145
150,5062,2017,2.036
150,5062,2018,1.9125
150,5062,2019,1.9261
150,5063,2015,0.7048
150,5063,2016,0.7104
150,5063,2017,0.66
150,5063,2018,0.5805
150,5063,2019,0.5902
150,5064,2015,0.1045
150,5064,2016,0.0913
150,5064,2017,0.0957
150,5064,2018,0.0882
150,5064,2019,0.1002
170,5061,2015,1.4409
170,5061,2016,1.4776
170,5061,2017,1.6857
170,5061,2018,1.2566
170,5061,2019,1.4733
170,5062,2015,0.7537
170,5062,2016,0.7588
170,5062,2017,0.7633
170,5062,2018,0.7759999999999999
170,5062,2019,0.7929
170,5063,2015,3.7821
170,5063,2016,3.7691
170,5063,2017,3.7756
170,5063,2018,3.7939
170,5063,2019,3.8141
170,5064,2015,0.2342
170,5064,2016,0.2256
170,5064,2017,0.2253
170,5064,2018,0.2435
170,5064,2019,0.2324
171,5061,2015,2.6910000000000003
171,5061,2016,3.208
171,5061,2017,3.888
171,5061,2018,3.318
171,5061,2019,3.4713
171,5062,2015,1.0425
171,5062,2016,1.0616
171,5062,2017,1.0715
171,5062,2018,1.0629
171,5062,2019,1.0803
171,5063,2015,1.4556
171,5063,2016,1.466
171,5063,2017,1.4798
171,5063,2018,1.4717
171,5063,2019,1.4852
171,5064,2015,1.0505
171,5064,2016,1.0204
171,5064,2017,1.1022
171,5064,2018,1.0913
171,5064,2019,1.0799
173,5061,2015,5.3267
173,5061,2016,5.8763
173,5061,2017,5.5729
173,5061,2018,5.5729
173,5061,2019,5.6741
173,5062,2015,2.5587
173,5062,2016,2.5764
173,5062,2017,2.6786
173,5062,2018,2.7164
173,5062,2019,2.7653
173,5063,2015,0.5229
173,5063,2016,0.5111
173,5063,2017,0.5269
173,5063,2018,0.5323
173,5063,2019,0.5366
173,5064,2015,0.8826
173,5064,2016,0.9487
173,5064,2017,1.0116
173,5064,2018,0.8548
173,5064,2019,0.9229
70,5061,2015,0.0018
70,5061,2016,0.0018
70,5061,2017,0.0018
70,5061,2018,0.0018
70,5061,2019,0.0018
70,5062,2015,0.0025
70,5062,2016,0.0025
70,5062,2017,0.0025
70,5062,2018,0.0025
70,5062,2019,0.0025
70,5063,2015,0.0048
70,5063,2016,0.0049
70,5063,2017,0.0049
70,5063,2018,0.0049
70,5063,2019,0.0049
70,5064,2015,0.0
70,5064,2016,0.0
70,5064,2017,0.0
70,5064,2018,0.0
70,5064,2019,0.0
177,5062,2015,0.0465
177,5062,2016,0.0463
177,5062,2017,0.0469
177,5062,2018,0.0472
177,5062,2019,0.0474
177,5063,2015,0.10800000000000001
177,5063,2016,0.1066
177,5063,2017,0.1072
177,5063,2018,0.1069
177,5063,2019,0.1066
177,5064,2015,0.0
177,5064,2016,0.0
177,5064,2017,0.0
177,5064,2018,0.0
177,5064,2019,0.0
174,5061,2015,0.6022
174,5061,2016,0.5538
174,5061,2017,0.5397
174,5061,2018,0.513
174,5061,2019,0.5355
174,5062,2015,0.5885
174,5062,2016,0.5868
174,5062,2017,0.5982
174,5062,2018,0.4769
174,5062,2019,0.4836
174,5063,2015,0.4143
174,5063,2016,0.4171
174,5063,2017,0.4338
174,5063,2018,0.4235
174,5063,2019,0.4192
174,5064,2015,0.0433
174,5064,2016,0.0404
174,5064,2017,0.04
174,5064,2018,0.0391
174,5064,2019,0.039
179,5061,2015,0.0071
179,5061,2016,0.0066
179,5061,2017,0.0071
179,5061,2018,0.0071
179,5061,2019,0.006999999999999999
179,5062,2015,0.0061
179,5062,2016,0.0068
179,5062,2017,0.006999999999999999
179,5062,2018,0.0073
179,5062,2019,0.0076
179,5063,2015,0.1246
179,5063,2016,0.1504
179,5063,2017,0.1644
179,5063,2018,0.1817
179,5063,2019,0.1886
179,5064,2015,0.0001
179,5064,2016,0.0
179,5064,2017,0.0
179,5064,2018,0.0001
179,5064,2019,0.0
212,5061,2015,0.0122
212,5061,2016,0.0907
212,5061,2017,0.0382
212,5061,2018,0.0276
212,5061,2019,0.0522
212,5062,2015,0.0345
212,5062,2016,0.0344
212,5062,2017,0.0293
212,5062,2018,0.0291
212,5062,2019,0.0313
212,5063,2015,2.0186
212,5063,2016,1.9204
212,5063,2017,1.6524
212,5063,2018,1.645
212,5063,2019,1.6981
212,5064,2015,0.2171
212,5064,2016,0.1454
212,5064,2017,0.1599
212,5064,2018,0.111
212,5064,2019,0.3006
37,5061,2015,0.0011
37,5061,2016,0.0011
37,5061,2017,0.0004
37,5061,2018,0.0004
37,5061,2019,0.0007
37,5062,2015,0.1401
37,5062,2016,0.1503
37,5062,2017,0.1505
37,5062,2018,0.1531
37,5062,2019,0.1557
37,5063,2015,1.7975
37,5063,2016,1.8968
37,5063,2017,1.9224
37,5063,2018,1.9685
37,5063,2019,2.0145
37,5064,2015,0.0068
37,5064,2016,0.0074
37,5064,2017,0.0072
37,5064,2018,0.0073
37,5064,2019,0.0076
117,5061,2015,1.0833
117,5061,2016,1.0959
117,5061,2017,1.0699
117,5061,2018,1.1039
117,5061,2019,1.0899
117,5062,2015,0.8037
117,5062,2016,0.8135
117,5062,2017,0.8373
117,5062,2018,0.8544
117,5062,2019,0.8604
117,5063,2015,0.7109
117,5063,2016,0.7278
117,5063,2017,0.7402
117,5063,2018,0.7545
117,5063,2019,0.7717
117,5064,2015,0.2285
117,5064,2016,0.2224
117,5064,2017,0.2111
117,5064,2018,0.2094
117,5064,2019,0.2056
146,5061,2015,0.1734
146,5061,2016,0.2346
146,5061,2017,0.2362
146,5061,2018,0.3256
146,5061,2019,0.2655
146,5062,2015,0.1858
146,5062,2016,0.1822
146,5062,2017,0.187
146,5062,2018,0.1862
146,5062,2019,0.1787
146,5063,2015,0.0833
146,5063,2016,0.0815
146,5063,2017,0.0975
146,5063,2018,0.0937
146,5063,2019,0.085
146,5064,2015,0.0941
146,5064,2016,0.1195
146,5064,2017,0.1271
146,5064,2018,0.1288
146,5064,2019,0.1311
250,5061,2015,0.0924
250,5061,2016,0.0578
250,5061,2017,0.0819
250,5061,2018,0.0494
250,5061,2019,0.063
250,5062,2015,0.1181
250,5062,2016,0.1175
250,5062,2017,0.1171
250,5062,2018,0.1176
250,5062,2019,0.1183
250,5063,2015,0.779
250,5063,2016,0.787
250,5063,2017,0.7954
250,5063,2018,0.8119
250,5063,2019,0.8302
250,5064,2015,0.2361
250,5064,2016,0.2487
250,5064,2017,0.265
250,5064,2018,0.27399999999999997
250,5064,2019,0.2828
120,5062,2015,0.3793
120,5062,2016,0.3988
120,5062,2017,0.41100000000000003
120,5062,2018,0.4188
120,5062,2019,0.4261
120,5063,2015,0.532
120,5063,2016,0.55
120,5063,2017,0.5647
120,5063,2018,0.5793
120,5063,2019,0.5902
120,5064,2015,0.2227
120,5064,2016,0.2256
120,5064,2017,0.2103
120,5064,2018,0.1844
120,5064,2019,0.1691
56,5061,2015,0.3098
56,5061,2016,0.335
56,5061,2017,0.36
56,5061,2018,0.4578
56,5061,2019,0.3843
56,5062,2015,0.4109
56,5062,2016,0.4373
56,5062,2017,0.4592
56,5062,2018,0.4576
56,5062,2019,0.4513
56,5063,2015,1.109
56,5063,2016,1.1086
56,5063,2017,1.1142
56,5063,2018,1.1164
56,5063,2019,1.1289
56,5064,2015,0.0387
56,5064,2016,0.0405
56,5064,2017,0.0427
56,5064,2018,0.0459
56,5064,2019,0.047
116,5062,2015,0.1706
116,5062,2016,0.1777
116,5062,2017,0.1789
116,5062,2018,0.1773
116,5062,2019,0.1772
116,5063,2015,0.4883
116,5063,2016,0.4908
116,5063,2017,0.4917
116,5063,2018,0.4856
116,5063,2019,0.4951
116,5064,2015,0.2279
116,5064,2016,0.2238
116,5064,2017,0.2172
116,5064,2018,0.1967
116,5064,2019,0.2391
215,5061,2015,0.391
215,5061,2016,0.5494
215,5061,2017,0.5414
215,5061,2018,0.7240000000000001
215,5061,2019,0.6049
215,5062,2015,0.4356
215,5062,2016,0.4401
215,5062,2017,0.4368
215,5062,2018,0.4477
215,5062,2019,0.4556
215,5063,2015,9.851
215,5063,2016,9.9559
215,5063,2017,9.8912
215,5063,2018,10.1994
215,5063,2019,10.4186
215,5064,2015,0.4765
215,5064,2016,0.4805
215,5064,2017,0.5072
215,5064,2018,0.4935
215,5064,2019,0.4857
182,5062,2015,0.0162
182,5062,2016,0.0163
182,5062,2017,0.0167
182,5062,2018,0.0168
182,5062,2019,0.0167
182,5063,2015,0.0514
182,5063,2016,0.0528
182,5063,2017,0.0533
182,5063,2018,0.054000000000000006
182,5063,2019,0.0546
182,5064,2015,0.0006
182,5064,2016,0.0006
182,5064,2017,0.0006
182,5064,2018,0.0007
182,5064,2019,0.0007
183,5061,2015,1.825
183,5061,2016,1.7584
183,5061,2017,1.7584
183,5061,2018,1.7584
183,5061,2019,1.7584
183,5062,2015,1.3353
183,5062,2016,1.3484
183,5062,2017,1.3202
183,5062,2018,1.2294
183,5062,2019,1.2201
183,5063,2015,1.1934
183,5063,2016,1.2149
183,5063,2017,1.226
183,5063,2018,1.2388
183,5063,2019,1.2473
183,5064,2015,0.7632
183,5064,2016,0.835
183,5064,2017,1.0024
183,5064,2018,1.1229
183,5064,2019,1.0972
229,5061,2015,5.3574
229,5061,2016,5.2399
229,5061,2017,5.3165
229,5061,2018,5.2757
229,5061,2019,5.2774
229,5062,2015,3.3031
229,5062,2016,3.3457
229,5062,2017,3.3825
229,5062,2018,3.3725
229,5062,2019,3.3364
229,5063,2015,4.1634
229,5063,2016,4.2318
229,5063,2017,4.3065
229,5063,2018,4.203
229,5063,2019,4.169
229,5064,2015,1.0638
229,5064,2016,0.9522
229,5064,2017,0.997
229,5064,2018,0.914
229,5064,2019,1.0911
184,5061,2015,0.0567
184,5061,2016,0.0221
184,5061,2017,0.0221
184,5061,2018,0.0221
184,5061,2019,0.0221
184,5062,2015,0.1663
184,5062,2016,0.1829
184,5062,2017,0.1861
184,5062,2018,0.1506
184,5062,2019,0.1413
184,5063,2015,0.7125
184,5063,2016,0.6598
184,5063,2017,0.6803
184,5063,2018,0.6919
184,5063,2019,0.6965
184,5064,2015,0.0592
184,5064,2016,0.0642
184,5064,2017,0.0646
184,5064,2018,0.0664
184,5064,2019,0.0705
205,5064,2015,0.0001
205,5064,2016,0.0001
205,5064,2017,0.0001
205,5064,2018,0.0001
205,5064,2019,0.0001
189,5061,2015,0.0022
189,5061,2016,0.0014
189,5061,2017,0.0006
189,5061,2018,0.0007
189,5061,2019,0.0009
189,5062,2015,0.0022
189,5062,2016,0.0023
189,5062,2017,0.0024
189,5062,2018,0.0023
189,5062,2019,0.0023
189,5063,2015,0.0061
189,5063,2016,0.0059
189,5063,2017,0.0057
189,5063,2018,0.0057
189,5063,2019,0.0057
188,5061,2015,0.0
188,5061,2016,0.0001
188,5061,2017,0.0001
188,5061,2018,0.0001
188,5061,2019,0.0001
188,5062,2015,0.001
188,5062,2016,0.001
188,5062,2017,0.001
188,5062,2018,0.001
188,5062,2019,0.001
188,5063,2015,0.0016
188,5063,2016,0.0015
188,5063,2017,0.0015
188,5063,2018,0.0015
188,5063,2019,0.0013
191,5062,2015,0.0012
191,5062,2016,0.0012
191,5062,2017,0.0012
191,5062,2018,0.0011
191,5062,2019,0.0011
191,5063,2015,0.003
191,5063,2016,0.0033
191,5063,2017,0.0033
191,5063,2018,0.0033
191,5063,2019,0.0033
191,5064,2015,0.0
191,5064,2016,0.0
191,5064,2017,0.0
191,5064,2018,0.0
191,5064,2019,0.0
244,5061,2015,0.0
244,5061,2016,0.0001
244,5061,2017,0.0
244,5061,2018,0.0001
244,5061,2019,0.0
244,5062,2015,0.0095
244,5062,2016,0.0095
244,5062,2017,0.0097
244,5062,2018,0.0096
244,5062,2019,0.0096
244,5063,2015,0.0218
244,5063,2016,0.0229
244,5063,2017,0.0214
244,5063,2018,0.0227
244,5063,2019,0.0236
193,5062,2015,0.0036
193,5062,2016,0.0036
193,5062,2017,0.004
193,5062,2018,0.0038
193,5062,2019,0.0039
193,5063,2015,0.002
193,5063,2016,0.0021
193,5063,2017,0.0021
193,5063,2018,0.0022
193,5063,2019,0.0023
193,5064,2015,0.0
193,5064,2016,0.0
193,5064,2017,0.0
193,5064,2018,0.0
193,5064,2019,0.0
195,5061,2015,0.1445
195,5061,2016,0.1813
195,5061,2017,0.18899999999999997
195,5061,2018,0.18899999999999997
195,5061,2019,0.1864
195,5062,2015,0.1266
195,5062,2016,0.1308
195,5062,2017,0.1365
195,5062,2018,0.1411
195,5062,2019,0.1469
195,5063,2015,2.3218
195,5063,2016,2.3819999999999997
195,5063,2017,2.469
195,5063,2018,2.5248
195,5063,2019,2.5624
195,5064,2015,0.0967
195,5064,2016,0.081
195,5064,2017,0.1139
195,5064,2018,0.1268
195,5064,2019,0.1237
272,5061,2015,0.9806
272,5061,2016,1.2048
272,5061,2017,1.1099
272,5061,2018,0.5932
272,5061,2019,0.9693
272,5062,2015,0.5016
272,5062,2016,0.4756
272,5062,2017,0.4728
272,5062,2018,0.461
272,5062,2019,0.4678
272,5063,2015,0.2975
272,5063,2016,0.2836
272,5063,2017,0.28600000000000003
272,5063,2018,0.2855
272,5063,2019,0.2807
272,5064,2015,0.3149
272,5064,2016,0.3892
272,5064,2017,0.2676
272,5064,2018,0.3812
272,5064,2019,0.3764
196,5061,2015,0.0003
196,5061,2016,0.0002
196,5061,2017,0.0003
196,5061,2018,0.0002
196,5061,2019,0.0002
196,5062,2015,0.0006
196,5062,2016,0.0005
196,5062,2017,0.0005
196,5062,2018,0.0005
196,5062,2019,0.0005
196,5063,2015,0.001
196,5063,2016,0.001
196,5063,2017,0.0009
196,5063,2018,0.0009
196,5063,2019,0.0008
197,5062,2015,0.0321
197,5062,2016,0.0362
197,5062,2017,0.0434
197,5062,2018,0.046
197,5062,2019,0.0486
197,5063,2015,0.4763
197,5063,2016,0.4607
197,5063,2017,0.4661
197,5063,2018,0.474
197,5063,2019,0.4901
197,5064,2015,0.0701
197,5064,2016,0.0813
197,5064,2017,0.0833
197,5064,2018,0.0845
197,5064,2019,0.0726
200,5061,2015,0.0
200,5061,2016,0.0
200,5061,2017,0.0
200,5061,2018,0.0
200,5061,2019,0.0
200,5062,2015,0.0062
200,5062,2016,0.0064
200,5062,2017,0.0066
200,5062,2018,0.0067
200,5062,2019,0.0068
200,5063,2015,0.0052
200,5063,2016,0.0053
200,5063,2017,0.0055
200,5063,2018,0.0056
200,5063,2019,0.0057
199,5061,2015,0.5862
199,5061,2016,0.6447
199,5061,2017,0.6258
199,5061,2018,0.6587
199,5061,2019,0.6431
199,5062,2015,0.1894
199,5062,2016,0.1882
199,5062,2017,0.1809
199,5062,2018,0.184
199,5062,2019,0.17800000000000002
199,5063,2015,0.07
199,5063,2016,0.0688
199,5063,2017,0.0667
199,5063,2018,0.0651
199,5063,2019,0.0621
199,5064,2015,0.1548
199,5064,2016,0.1872
199,5064,2017,0.141
199,5064,2018,0.1575
199,5064,2019,0.1621
198,5061,2015,0.1446
198,5061,2016,0.1384
198,5061,2017,0.1383
198,5061,2018,0.1394
198,5061,2019,0.1387
198,5062,2015,0.1306
198,5062,2016,0.1341
198,5062,2017,0.1352
198,5062,2018,0.1322
198,5062,2019,0.1325
198,5063,2015,0.0717
198,5063,2016,0.0734
198,5063,2017,0.0741
198,5063,2018,0.07200000000000001
198,5063,2019,0.0725
198,5064,2015,0.0215
198,5064,2016,0.0219
198,5064,2017,0.0193
198,5064,2018,0.02
198,5064,2019,0.0215
201,5062,2015,0.1365
201,5062,2016,0.1354
201,5062,2017,0.1312
201,5062,2018,0.1322
201,5062,2019,0.1288
201,5063,2015,5.2202
201,5063,2016,5.1605
201,5063,2017,5.0889999999999995
201,5063,2018,5.0386
201,5063,2019,5.001
201,5064,2015,0.0217
201,5064,2016,0.0143
201,5064,2017,0.0177
201,5064,2018,0.0189
201,5064,2019,0.0183
276,5061,2015,0.3929
276,5061,2016,0.9134
276,5061,2017,0.8371
276,5061,2018,0.8328
276,5061,2019,0.8611
276,5062,2015,0.5917
276,5062,2016,0.5705
276,5062,2017,0.5759
276,5062,2018,0.5805
276,5062,2019,0.5846
276,5063,2015,17.4053
276,5063,2016,17.4658
276,5063,2017,17.5873
276,5063,2018,17.7041
276,5063,2019,17.8102
276,5064,2015,0.3234
276,5064,2016,0.5905
276,5064,2017,0.41100000000000003
276,5064,2018,0.583
276,5064,2019,0.4356
277,5062,2015,0.3372
277,5062,2016,0.33799999999999997
277,5062,2017,0.3385
277,5062,2018,0.3428
277,5062,2019,0.3667
277,5063,2015,6.4822
277,5063,2016,6.5153
277,5063,2017,6.5358
277,5063,2018,6.6395
277,5063,2019,7.0038
277,5064,2015,0.0442
277,5064,2016,0.0386
277,5064,2017,0.0369
277,5064,2018,0.0347
277,5064,2019,0.0368
38,5061,2015,1.1513
38,5061,2016,0.6015
38,5061,2017,0.5604
38,5061,2018,0.3515
38,5061,2019,0.5045
38,5062,2015,0.0809
38,5062,2016,0.0813
38,5062,2017,0.0846
38,5062,2018,0.0884
38,5062,2019,0.0858
38,5063,2015,0.1712
38,5063,2016,0.1587
38,5063,2017,0.1668
38,5063,2018,0.1801
38,5063,2019,0.1761
38,5064,2015,0.2243
38,5064,2016,0.2074
38,5064,2017,0.1263
38,5064,2018,0.1872
38,5064,2019,0.19899999999999998
210,5061,2015,0.9715
210,5061,2016,0.9501
210,5061,2017,1.0136
210,5061,2018,0.9407
210,5061,2019,0.9681
210,5062,2015,0.4343
210,5062,2016,0.4373
210,5062,2017,0.4322
210,5062,2018,0.4244
210,5062,2019,0.4196
210,5063,2015,0.2406
210,5063,2016,0.2404
210,5063,2017,0.2443
210,5063,2018,0.1981
210,5063,2019,0.1955
210,5064,2015,0.248
210,5064,2016,0.2228
210,5064,2017,0.2443
210,5064,2018,0.1424
210,5064,2019,0.2505
211,5061,2015,0.254
211,5061,2016,0.2684
211,5061,2017,0.248
211,5061,2018,0.2275
211,5061,2019,0.248
211,5062,2015,0.496
211,5062,2016,0.4931
211,5062,2017,0.4917
211,5062,2018,0.4893
211,5062,2019,0.4819
211,5063,2015,0.2404
211,5063,2016,0.2398
211,5063,2017,0.2392
211,5063,2018,0.2381
211,5063,2019,0.23600000000000002
211,5064,2015,0.0373
211,5064,2016,0.0308
211,5064,2017,0.0396
211,5064,2018,0.0363
211,5064,2019,0.0376
207,5061,2015,0.0553
207,5061,2016,0.0621
207,5061,2017,0.0634
207,5061,2018,0.0357
207,5061,2019,0.0537
207,5062,2015,0.0128
207,5062,2016,0.013000000000000001
207,5062,2017,0.0141
207,5062,2018,0.0142
207,5062,2019,0.0146
207,5063,2015,0.0176
207,5063,2016,0.0172
207,5063,2017,0.0181
207,5063,2018,0.0181
207,5063,2019,0.0185
207,5064,2015,0.0114
207,5064,2016,0.0119
207,5064,2017,0.0119
207,5064,2018,0.0113
207,5064,2019,0.0116
208,5061,2015,0.084
208,5061,2016,0.0405
208,5061,2017,0.0405
208,5061,2018,0.0405
208,5061,2019,0.0405
208,5062,2015,0.3705
208,5062,2016,0.382
208,5062,2017,0.3904
208,5062,2018,0.3951
208,5062,2019,0.4042
208,5063,2015,0.7078
208,5063,2016,0.7285
208,5063,2017,0.7396
208,5063,2018,0.7442
208,5063,2019,0.7549
208,5064,2015,0.0634
208,5064,2016,0.0651
208,5064,2017,0.0642
208,5064,2018,0.0591
208,5064,2019,0.064
39,5062,2015,0.2953
39,5062,2016,0.3139
39,5062,2017,0.3308
39,5062,2018,0.3492
39,5062,2019,0.3703
39,5063,2015,13.8339
39,5063,2016,14.6687
39,5063,2017,15.5567
39,5063,2018,16.4998
39,5063,2019,17.5009
39,5064,2015,0.127
39,5064,2016,0.1454
39,5064,2017,0.1393
39,5064,2018,0.1451
39,5064,2019,0.1429
167,5061,2015,2.0282
167,5061,2016,2.0642
167,5061,2017,1.8694
167,5061,2018,1.7966
167,5061,2019,1.9101
167,5062,2015,0.4692
167,5062,2016,0.4701
167,5062,2017,0.4651
167,5062,2018,0.4601
167,5062,2019,0.4591
167,5063,2015,0.1306
167,5063,2016,0.1297
167,5063,2017,0.1307
167,5063,2018,0.1263
167,5063,2019,0.1262
167,5064,2015,0.3389
167,5064,2016,0.35100000000000003
167,5064,2017,0.3097
167,5064,2018,0.2902
167,5064,2019,0.3151
216,5061,2015,7.0207
216,5061,2016,7.5666
216,5061,2017,8.8187
216,5061,2018,7.742000000000001
216,5061,2019,8.0424
216,5062,2015,1.1137
216,5062,2016,1.1097
216,5062,2017,1.1077
216,5062,2018,1.1052
216,5062,2019,1.1028
216,5063,2015,1.2102
216,5063,2016,1.198
216,5063,2017,1.1962
216,5063,2018,1.1888
216,5063,2019,1.1811
216,5064,2015,1.5725
216,5064,2016,1.7369999999999999
216,5064,2017,1.7828
216,5064,2018,1.7696
216,5064,2019,1.5755
176,5062,2015,0.0428
176,5062,2016,0.0439
176,5062,2017,0.0401
176,5062,2018,0.0403
176,5062,2019,0.0407
176,5063,2015,0.0809
176,5063,2016,0.0811
176,5063,2017,0.073
176,5063,2018,0.071
176,5063,2019,0.0708
176,5064,2015,0.0087
176,5064,2016,0.0069
176,5064,2017,0.0062
176,5064,2018,0.0063
176,5064,2019,0.0069
217,5061,2015,0.005
217,5061,2016,0.063
217,5061,2017,0.0218
217,5061,2018,0.0218
217,5061,2019,0.0356
217,5062,2015,0.109
217,5062,2016,0.1192
217,5062,2017,0.1268
217,5062,2018,0.1294
217,5062,2019,0.1338
217,5063,2015,0.6475
217,5063,2016,0.6133
217,5063,2017,0.67
217,5063,2018,0.7018
217,5063,2019,0.754
217,5064,2015,0.0712
217,5064,2016,0.0732
217,5064,2017,0.0755
217,5064,2018,0.0775
217,5064,2019,0.0792
218,5062,2015,0.0001
218,5062,2016,0.0001
218,5062,2017,0.0001
218,5062,2018,0.0001
218,5062,2019,0.0001
218,5063,2015,0.0
218,5063,2016,0.0
218,5063,2017,0.0
218,5063,2018,0.0
218,5063,2019,0.0
219,5061,2015,0.0003
219,5061,2016,0.0005
219,5061,2017,0.0006
219,5061,2018,0.0003
219,5061,2019,0.0005
219,5062,2015,0.0046
219,5062,2016,0.0045
219,5062,2017,0.0045
219,5062,2018,0.0045
219,5062,2019,0.0045
219,5063,2015,0.0078
219,5063,2016,0.0078
219,5063,2017,0.0078
219,5063,2018,0.0079
219,5063,2019,0.0079
220,5061,2015,0.0332
220,5061,2016,0.0332
220,5061,2017,0.0332
220,5061,2018,0.0332
220,5061,2019,0.0332
220,5062,2015,0.055
220,5062,2016,0.0563
220,5062,2017,0.057
220,5062,2018,0.0577
220,5062,2019,0.0594
220,5063,2015,0.0495
220,5063,2016,0.0512
220,5063,2017,0.0513
220,5063,2018,0.0522
220,5063,2019,0.0523
220,5064,2015,0.0004
220,5064,2016,0.0003
220,5064,2017,0.0003
220,5064,2018,0.0002
220,5064,2019,0.0003
222,5061,2015,0.3498
222,5061,2016,0.47600000000000003
222,5061,2017,0.3667
222,5061,2018,0.3667
222,5061,2019,0.4031
222,5062,2015,0.1048
222,5062,2016,0.1059
222,5062,2017,0.1049
222,5062,2018,0.1069
222,5062,2019,0.1086
222,5063,2015,1.2762
222,5063,2016,1.2657
222,5063,2017,1.2691
222,5063,2018,1.2819999999999998
222,5063,2019,1.2727
222,5064,2015,0.0738
222,5064,2016,0.0673
222,5064,2017,0.0871
222,5064,2018,0.0798
222,5064,2019,0.1187
213,5062,2015,0.5213
213,5062,2016,0.5232
213,5062,2017,0.5229
213,5062,2018,0.5203
213,5062,2019,0.5263
213,5063,2015,1.4669
213,5063,2016,1.4775
213,5063,2017,1.4725
213,5063,2018,1.4787
213,5063,2019,1.4857
213,5064,2015,0.0917
213,5064,2016,0.1025
213,5064,2017,0.0723
213,5064,2018,0.0705
213,5064,2019,0.0947
223,5061,2015,7.5921
223,5061,2016,9.6856
223,5061,2017,9.0123
223,5061,2018,7.8016
223,5061,2019,8.8332
223,5062,2015,0.5027
223,5062,2016,0.5167
223,5062,2017,0.5363
223,5062,2018,0.5767
223,5062,2019,0.5887
223,5063,2015,9.0799
223,5063,2016,9.0742
223,5063,2017,9.1568
223,5063,2018,10.0156
223,5063,2019,10.4926
223,5064,2015,1.6748
223,5064,2016,1.5359
223,5064,2017,1.5692
223,5064,2018,1.496
223,5064,2019,1.489
227,5062,2015,0.0007
227,5062,2016,0.0007
227,5062,2017,0.0007
227,5062,2018,0.0007
227,5062,2019,0.0007
227,5063,2015,0.0
227,5063,2016,0.0
227,5063,2017,0.0
227,5063,2018,0.0
227,5063,2019,0.0
230,5061,2015,5.0303
230,5061,2016,6.1152
230,5061,2017,6.9728
230,5061,2018,7.1751
230,5061,2019,6.7544
230,5062,2015,2.0357
230,5062,2016,1.9517
230,5062,2017,1.9077
230,5062,2018,1.8523
230,5062,2019,1.819
230,5063,2015,0.5127
230,5063,2016,0.4953
230,5063,2017,0.4859
230,5063,2018,0.4666
230,5063,2019,0.44299999999999995
230,5064,2015,2.6706
230,5064,2016,2.8217
230,5064,2017,2.6856
230,5064,2018,2.8841
230,5064,2019,3.0739
234,5061,2015,0.56
234,5061,2016,0.7996
234,5061,2017,0.7941
234,5061,2018,0.8833
234,5061,2019,0.8257
234,5062,2015,0.2879
234,5062,2016,0.2799
234,5062,2017,0.2743
234,5062,2018,0.2674
234,5062,2019,0.2677
234,5063,2015,3.7624
234,5063,2016,3.7774
234,5063,2017,3.7104
234,5063,2018,3.6210000000000004
234,5063,2019,3.6183
234,5064,2015,0.2905
234,5064,2016,0.2562
234,5064,2017,0.2801
234,5064,2018,0.1855
234,5064,2019,0.2601
155,5062,2015,0.0104
155,5062,2016,0.0105
155,5062,2017,0.0107
155,5062,2018,0.0109
155,5062,2019,0.011000000000000001
155,5063,2015,0.0693
155,5063,2016,0.0688
155,5063,2017,0.0695
155,5063,2018,0.07
155,5063,2019,0.0705
155,5064,2015,0.0
155,5064,2016,0.0
155,5064,2017,0.0
155,5064,2018,0.0
155,5064,2019,0.0
236,5061,2015,1.197
236,5061,2016,1.288
236,5061,2017,1.3309
236,5061,2018,1.3309
236,5061,2019,1.3166
236,5062,2015,1.1114
236,5062,2016,1.0601
236,5062,2017,1.0452
236,5062,2018,1.0165
236,5062,2019,0.8764
236,5063,2015,4.7605
236,5063,2016,4.6947
236,5063,2017,4.574
236,5063,2018,4.5391
236,5063,2019,4.6359
236,5064,2015,0.0863
236,5064,2016,0.0763
236,5064,2017,0.0759
236,5064,2018,0.0921
236,5064,2019,0.0994
237,5061,2015,8.6606
237,5061,2016,7.9106
237,5061,2017,7.9838
237,5061,2018,8.0327
237,5061,2019,7.9757
237,5062,2015,1.8772
237,5062,2016,1.9481
237,5062,2017,1.9628
237,5062,2018,2.0217
237,5062,2019,1.9578
237,5063,2015,1.7907
237,5063,2016,1.8322
237,5063,2017,1.9376
237,5063,2018,1.9817
237,5063,2019,2.0892
237,5064,2015,1.9389
237,5064,2016,1.8766
237,5064,2017,1.8582
237,5064,2018,1.8762
237,5064,2019,1.8483
249,5061,2015,0.0049
249,5061,2016,0.0957
249,5061,2017,0.0674
249,5061,2018,0.0185
249,5061,2019,0.0605
249,5062,2015,0.0759
249,5062,2016,0.0757
249,5062,2017,0.0753
249,5062,2018,0.0729
249,5062,2019,0.0734
249,5063,2015,2.588
249,5063,2016,2.5159
249,5063,2017,2.5056
249,5063,2018,2.3859
249,5063,2019,2.3309
249,5064,2015,0.032
249,5064,2016,0.0269
249,5064,2017,0.0267
249,5064,2018,0.026000000000000002
249,5064,2019,0.0298
251,5061,2015,0.8454
251,5061,2016,0.9607
251,5061,2017,1.0759999999999998
251,5061,2018,0.7558
251,5061,2019,0.9308
251,5062,2015,0.1464
251,5062,2016,0.151
251,5062,2017,0.1555
251,5062,2018,0.1556
251,5062,2019,0.1677
251,5063,2015,1.4091
251,5063,2016,1.38
251,5063,2017,1.3747
251,5063,2018,1.3738
251,5063,2019,1.374
251,5064,2015,0.1076
251,5064,2016,0.1195
251,5064,2017,0.1517
251,5064,2018,0.1082
251,5064,2019,0.0938
181,5061,2015,0.2176
181,5061,2016,0.2967
181,5061,2017,0.332
181,5061,2018,0.332
181,5061,2019,0.3202
181,5062,2015,0.1016
181,5062,2016,0.1106
181,5062,2017,0.0932
181,5062,2018,0.0907
181,5062,2019,0.099
181,5063,2015,2.0376
181,5063,2016,2.0012
181,5063,2017,2.0622
181,5063,2018,2.0987
181,5063,2019,2.1197
181,5064,2015,0.0502
181,5064,2016,0.0493
181,5064,2017,0.0759
181,5064,2018,0.0777
181,5064,2019,0.0524
5000,5061,2015,541.7261
5000,5061,2016,551.2841
5000,5061,2017,561.3018
5000,5061,2018,554.9319
5000,5061,2019,555.8393
5000,5062,2015,180.7061
5000,5062,2016,182.6762
5000,5062,2017,184.2778
5000,5062,2018,183.3413
5000,5062,2019,181.4772
5000,5063,2015,570.0781
5000,5063,2016,579.5832
5000,5063,2017,586.9815
5000,5063,2018,593.7634
5000,5063,2019,603.5659
5000,5064,2015,126.5264
5000,5064,2016,129.5215
5000,5064,2017,132.3173
5000,5064,2018,129.713
5000,5064,2019,131.3168
5100,5061,2015,17.7696
5100,5061,2016,19.2136
5100,5061,2017,22.0018
5100,5061,2018,21.9551
5100,5061,2019,21.0568
5100,5062,2015,9.6595
5100,5062,2016,9.9755
5100,5062,2017,10.1425
5100,5062,2018,10.4217
5100,5062,2019,10.658
5100,5063,2015,179.2972
5100,5063,2016,184.2287
5100,5063,2017,186.6932
5100,5063,2018,190.7014
5100,5063,2019,196.7293
5100,5064,2015,8.8223
5100,5064,2016,9.0151
5100,5064,2017,9.6252
5100,5064,2018,9.9535
5100,5064,2019,9.6924
5101,5061,2015,4.218999999999999
5101,5061,2016,4.7225
5101,5061,2017,5.1831
5101,5061,2018,5.2051
5101,5061,2019,5.0369
5101,5062,2015,3.9023
5101,5062,2016,4.0741
5101,5062,2017,4.1076
5101,5062,2018,4.2705
5101,5062,2019,4.3936
5101,5063,2015,71.4468
5101,5063,2016,73.6979
5101,5063,2017,73.9764
5101,5063,2018,75.4382
5101,5063,2019,78.5344
5101,5064,2015,2.4985
5101,5064,2016,2.4934
5101,5064,2017,2.6622
5101,5064,2018,2.7262
5101,5064,2019,2.7309
5102,5061,2015,0.4622
5102,5061,2016,0.3884
5102,5061,2017,0.4974
5102,5061,2018,0.4328
5102,5061,2019,0.4395
5102,5062,2015,1.2033
5102,5062,2016,1.2392
5102,5062,2017,1.2777
5102,5062,2018,1.3228
5102,5062,2019,1.3742
5102,5063,2015,21.0247
5102,5063,2016,21.9035
5102,5063,2017,22.8357
5102,5063,2018,23.8776
5102,5063,2019,24.991999999999997
5102,5064,2015,0.6741
5102,5064,2016,0.7332
5102,5064,2017,0.7423
5102,5064,2018,0.7767
5102,5064,2019,0.7895
5103,5061,2015,8.6697
5103,5061,2016,8.948
5103,5061,2017,9.6117
5103,5061,2018,9.6074
5103,5061,2019,9.389
5103,5062,2015,1.3562
5103,5062,2016,1.3469
5103,5062,2017,1.3497
5103,5062,2018,1.3589
5103,5062,2019,1.3772
5103,5063,2015,31.2576
5103,5063,2016,31.393
5103,5063,2017,31.2846
5103,5063,2018,31.3896
5103,5063,2019,31.8313
5103,5064,2015,2.0789
5103,5064,2016,1.9849
5103,5064,2017,2.0808
5103,5064,2018,2.1927
5103,5064,2019,2.0705
5104,5061,2015,1.9842
5104,5061,2016,1.8784
5104,5061,2017,2.6046
5104,5061,2018,2.6124
5104,5061,2019,2.3651
5104,5062,2015,0.45299999999999996
5104,5062,2016,0.4524
5104,5062,2017,0.4434
5104,5062,2018,0.4389
5104,5062,2019,0.4265
5104,5063,2015,8.8698
5104,5063,2016,8.767000000000001
5104,5063,2017,8.4974
5104,5063,2018,8.407
5104,5063,2019,8.267000000000001
5104,5064,2015,0.4868
5104,5064,2016,0.4112
5104,5064,2017,0.6779
5104,5064,2018,0.5977
5104,5064,2019,0.5216
5105,5061,2015,2.4344
5105,5061,2016,3.2763
5105,5061,2017,4.105
5105,5061,2018,4.0974
5105,5061,2019,3.8262
5105,5062,2015,2.7448
5105,5062,2016,2.8629
5105,5062,2017,2.9641
5105,5062,2018,3.0305
5105,5062,2019,3.0865
5105,5063,2015,46.6982
5105,5063,2016,48.4672
5105,5063,2017,50.0992
5105,5063,2018,51.589
5105,5063,2019,53.1046
5105,5064,2015,3.0839999999999996
5105,5064,2016,3.3924
5105,5064,2017,3.4621
5105,5064,2018,3.6602
5105,5064,2019,3.5799
5200,5061,2015,111.49
5200,5061,2016,119.4735
5200,5061,2017,125.1326
5200,5061,2018,125.5021
5200,5061,2019,123.3694
5200,5062,2015,43.0339
5200,5062,2016,42.5646
5200,5062,2017,41.7218
5200,5062,2018,41.9936
5200,5062,2019,41.7917
5200,5063,2015,153.1266
5200,5063,2016,155.536
5200,5063,2017,156.7351
5200,5063,2018,157.2098
5200,5063,2019,158.8429
5200,5064,2015,36.6415
5200,5064,2016,38.6984
5200,5064,2017,38.6738
5200,5064,2018,37.7606
5200,5064,2019,37.7251
5203,5061,2015,73.2786
5203,5061,2016,72.3518
5203,5061,2017,72.7436
5203,5061,2018,73.6118
5203,5061,2019,72.9024
5203,5062,2015,17.5221
5203,5062,2016,17.7924
5203,5062,2017,17.9599
5203,5062,2018,18.0116
5203,5062,2019,18.0198
5203,5063,2015,25.5747
5203,5063,2016,26.2902
5203,5063,2017,26.6853
5203,5063,2018,26.8573
5203,5063,2019,26.9907
5203,5064,2015,20.5385
5203,5064,2016,23.0576
5203,5064,2017,21.2279
5203,5064,2018,21.3347
5203,5064,2019,19.9467
5204,5061,2015,7.2011
5204,5061,2016,10.172
5204,5061,2017,10.1869
5204,5061,2018,9.3796
5204,5061,2019,9.9128
5204,5062,2015,4.6491
5204,5062,2016,4.7027
5204,5062,2017,4.7681
5204,5062,2018,4.8674
5204,5062,2019,4.9496
5204,5063,2015,17.85
5204,5063,2016,17.9969
5204,5063,2017,18.1092
5204,5063,2018,18.3372
5204,5063,2019,18.5143
5204,5064,2015,1.4699
5204,5064,2016,1.6029
5204,5064,2017,1.5617
5204,5064,2018,1.4952
5204,5064,2019,1.4754
5206,5061,2015,0.8059999999999999
5206,5061,2016,0.7163
5206,5061,2017,0.7666
5206,5061,2018,0.7887
5206,5061,2019,0.7572
5206,5062,2015,1.0543
5206,5062,2016,1.0973
5206,5062,2017,1.1152
5206,5062,2018,1.1369
5206,5062,2019,1.1372
5206,5063,2015,3.7676
5206,5063,2016,3.8193
5206,5063,2017,3.7762
5206,5063,2018,3.7584
5206,5063,2019,3.7654
5206,5064,2015,0.1099
5206,5064,2016,0.1194
5206,5064,2017,0.1154
5206,5064,2018,0.1224
5206,5064,2019,0.1184
5207,5061,2015,30.2043
5207,5061,2016,36.2334
5207,5061,2017,41.4355
5207,5061,2018,41.722
5207,5061,2019,39.797
5207,5062,2015,19.8084
5207,5062,2016,18.9723
5207,5062,2017,17.8786
5207,5062,2018,17.9777
5207,5062,2019,17.6851
5207,5063,2015,105.9344
5207,5063,2016,107.4296
5207,5063,2017,108.1644
5207,5063,2018,108.2569
5207,5063,2019,109.5725
5207,5064,2015,14.5232
5207,5064,2016,13.9186
5207,5064,2017,15.7688
5207,5064,2018,14.8084
5207,5064,2019,16.1846
5300,5061,2015,328.839
5300,5061,2016,327.1432
5300,5061,2017,327.1689
5300,5061,2018,322.0206
5300,5061,2019,325.4442
5300,5062,2015,78.2392
5300,5062,2016,80.4305
5300,5062,2017,82.7088
5300,5062,2018,83.0736
5300,5062,2019,81.5584
5300,5063,2015,182.4007
5300,5063,2016,186.0931
5300,5063,2017,188.8193
5300,5063,2018,192.0232
5300,5063,2019,195.7512
5300,5064,2015,58.2516
5300,5064,2016,59.0158
5300,5064,2017,59.9161
5300,5064,2018,59.8053
5300,5064,2019,60.1884
5301,5061,2015,4.2402
5301,5061,2016,4.3168
5301,5061,2017,4.3077
5301,5061,2018,4.3877
5301,5061,2019,4.3374
5301,5062,2015,3.9251
5301,5062,2016,4.178999999999999
5301,5062,2017,4.2873
5301,5062,2018,4.4098
5301,5062,2019,4.5048
5301,5063,2015,8.3381
5301,5063,2016,8.7062
5301,5063,2017,8.9232
5301,5063,2018,9.1953
5301,5063,2019,9.3917
5301,5064,2015,1.5666
5301,5064,2016,1.6722
5301,5064,2017,1.6022
5301,5064,2018,1.5565
5301,5064,2019,1.5093
5302,5061,2015,161.1165
5302,5061,2016,159.1791
5302,5061,2017,154.9617
5302,5061,2018,147.8627
5302,5061,2019,154.0012
5302,5062,2015,35.3786
5302,5062,2016,36.086
5302,5062,2017,35.3644
5302,5062,2018,34.5801
5302,5062,2019,32.3012
5302,5063,2015,54.03
5302,5063,2016,55.668
5302,5063,2017,54.6572
5302,5063,2018,54.8839
5302,5063,2019,55.8984
5302,5064,2015,24.0141
5302,5064,2016,23.951
5302,5064,2017,24.0602
5302,5064,2018,23.8396
5302,5064,2019,23.973000000000003
5303,5061,2015,116.2961
5303,5061,2016,112.5401
5303,5061,2017,115.1867
5303,5061,2018,118.5702
5303,5061,2019,115.4323
5303,5062,2015,24.6078
5303,5062,2016,25.4401
5303,5062,2017,26.1742
5303,5062,2018,26.6969
5303,5062,2019,27.0373
5303,5063,2015,80.7388
5303,5063,2016,82.1881
5303,5063,2017,83.7932
5303,5063,2018,85.2122
5303,5063,2019,86.5344
5303,5064,2015,20.3737
5303,5064,2016,21.1416
5303,5064,2017,21.6853
5303,5064,2018,21.9142
5303,5064,2019,22.2724
5304,5061,2015,36.5272
5304,5061,2016,37.5654
5304,5061,2017,40.0996
5304,5061,2018,39.6173
5304,5061,2019,39.0941
5304,5062,2015,13.0643
5304,5062,2016,13.4359
5304,5062,2017,15.5709
5304,5062,2018,16.0239
5304,5062,2019,16.3292
5304,5063,2015,17.5277
5304,5063,2016,17.7749
5304,5063,2017,19.8576
5304,5063,2018,20.3496
5304,5063,2019,21.0063
5304,5064,2015,9.9202
5304,5064,2016,10.0715
5304,5064,2017,10.3792
5304,5064,2018,10.472999999999999
5304,5064,2019,10.0165
5305,5061,2015,10.6591
5305,5061,2016,13.5418
5305,5061,2017,12.6132
5305,5061,2018,11.5828
5305,5061,2019,12.5793
5305,5062,2015,1.2635
5305,5062,2016,1.2896
5305,5062,2017,1.3119999999999998
5305,5062,2018,1.3629
5305,5062,2019,1.3859
5305,5063,2015,21.7661
5305,5063,2016,21.7559
5305,5063,2017,21.5883
5305,5063,2018,22.3822
5305,5063,2019,22.9204
5305,5064,2015,2.3769
5305,5064,2016,2.1795
5305,5064,2017,2.1893
5305,5064,2018,2.0219
5305,5064,2019,2.4172
5400,5061,2015,74.6426
5400,5061,2016,75.5849
5400,5061,2017,76.9411
5400,5061,2018,75.7253
5400,5061,2019,76.0838
5400,5062,2015,48.1566
5400,5062,2016,48.1282
5400,5062,2017,48.0831
5400,5062,2018,46.2113
5400,5062,2019,45.852
5400,5063,2015,27.0673
5400,5063,2016,27.0354
5400,5063,2017,27.0158
5400,5063,2018,26.3459
5400,5063,2019,25.9645
5400,5064,2015,21.0135
5400,5064,2016,21.0915
5400,5064,2017,21.79
5400,5064,2018,20.5524
5400,5064,2019,22.2458
5401,5061,2015,27.101999999999997
5401,5061,2016,29.3323
5401,5061,2017,30.462
5401,5061,2018,31.1026
5401,5061,2019,30.299
5401,5062,2015,16.611
5401,5062,2016,16.5528
5401,5062,2017,16.579
5401,5062,2018,16.4839
5401,5062,2019,16.3669
5401,5063,2015,7.0041
5401,5063,2016,6.9034
5401,5063,2017,6.9114
5401,5063,2018,6.85
5401,5063,2019,6.7098
5401,5064,2015,11.0153
5401,5064,2016,11.936
5401,5064,2017,12.5046
5401,5064,2018,11.8335
5401,5064,2019,12.5097
5402,5061,2015,11.8436
5402,5061,2016,11.5863
5402,5061,2017,11.9318
5402,5061,2018,11.9012
5402,5061,2019,11.8064
5402,5062,2015,7.6576
5402,5062,2016,7.752999999999999
5402,5062,2017,7.8032
5402,5062,2018,7.5409
5402,5062,2019,7.5120000000000005
5402,5063,2015,6.6366
5402,5063,2016,6.7465
5402,5063,2017,6.8274
5402,5063,2018,6.5633
5402,5063,2019,6.5052
5402,5064,2015,2.5019
5402,5064,2016,2.2449
5402,5064,2017,2.3557
5402,5064,2018,1.8868
5402,5064,2019,2.4763
5403,5061,2015,12.4483
5403,5061,2016,12.0386
5403,5061,2017,12.5772
5403,5061,2018,11.6088
5403,5061,2019,12.0749
5403,5062,2015,8.5344
5403,5062,2016,8.5868
5403,5062,2017,8.6753
5403,5062,2018,7.4618
5403,5062,2019,7.4688
5403,5063,2015,6.9956
5403,5063,2016,6.9721
5403,5063,2017,7.0015
5403,5063,2018,6.8211
5403,5063,2019,6.7343
5403,5064,2015,2.2606
5403,5064,2016,2.5415
5403,5064,2017,2.0077
5403,5064,2018,2.4593
5403,5064,2019,2.261
5404,5061,2015,23.2487
5404,5061,2016,22.6277
5404,5061,2017,21.97
5404,5061,2018,21.1127
5404,5061,2019,21.9035
5404,5062,2015,15.3536
5404,5062,2016,15.2356
5404,5062,2017,15.0256
5404,5062,2018,14.7247
5404,5062,2019,14.5043
5404,5063,2015,6.431
5404,5063,2016,6.4133
5404,5063,2017,6.2756
5404,5063,2018,6.1115
5404,5063,2019,6.0152
5404,5064,2015,5.2357
5404,5064,2016,4.3691
5404,5064,2017,4.9219
5404,5064,2018,4.3728
5404,5064,2019,4.9988
5500,5061,2015,8.9848
5500,5061,2016,9.8689
5500,5061,2017,10.0573
5500,5061,2018,9.7288
5500,5061,2019,9.885
5500,5062,2015,1.6168
5500,5062,2016,1.5773
5500,5062,2017,1.6215
5500,5062,2018,1.6412
5500,5062,2019,1.6171
5500,5063,2015,28.1863
5500,5063,2016,26.6901
5500,5063,2017,27.718000000000004
5500,5063,2018,27.4831
5500,5063,2019,26.278000000000002
5500,5064,2015,1.7976
5500,5064,2016,1.7007
5500,5064,2017,2.3121
5500,5064,2018,1.6411
5500,5064,2019,1.4651
5501,5061,2015,8.8444
5501,5061,2016,9.7348
5501,5061,2017,9.8916
5501,5061,2018,9.5464
5501,5061,2019,9.7242
5501,5062,2015,1.4553
5501,5062,2016,1.4116
5501,5062,2017,1.4539
5501,5062,2018,1.472
5501,5062,2019,1.4456
5501,5063,2015,27.9354
5501,5063,2016,26.4389
5501,5063,2017,27.4615
5501,5063,2018,27.2235
5501,5063,2019,26.0075
5501,5064,2015,1.7962
5501,5064,2016,1.6991
5501,5064,2017,2.3105
5501,5064,2018,1.6395
5501,5064,2019,1.4635
5502,5061,2015,0.1383
5502,5061,2016,0.1317
5502,5061,2017,0.1634
5502,5061,2018,0.1803
5502,5061,2019,0.1584
5502,5062,2015,0.1379
5502,5062,2016,0.1422
5502,5062,2017,0.1441
5502,5062,2018,0.1457
5502,5062,2019,0.14800000000000002
5502,5063,2015,0.2094
5502,5063,2016,0.2082
5502,5063,2017,0.2149
5502,5063,2018,0.2166
5502,5063,2019,0.2264
5502,5064,2015,0.0014
5502,5064,2016,0.0016
5502,5064,2017,0.0016
5502,5064,2018,0.0016
5502,5064,2019,0.0015
5503,5061,2015,0.0
5503,5061,2016,0.0
5503,5061,2017,0.0
5503,5061,2018,0.0
5503,5061,2019,0.0
5503,5062,2015,0.0048
5503,5062,2016,0.0049
5503,5062,2017,0.005
5503,5062,2018,0.0051
5503,5062,2019,0.0051
5503,5063,2015,0.0069
5503,5063,2016,0.006999999999999999
5503,5063,2017,0.0072
5503,5063,2018,0.0073
5503,5063,2019,0.0075
5503,5064,2015,0.0
5503,5064,2016,0.0
5503,5064,2017,0.0
5503,5064,2018,0.0
5503,5064,2019,0.0
5504,5061,2015,0.0022
5504,5061,2016,0.0025
5504,5061,2017,0.0024
5504,5061,2018,0.0022
5504,5061,2019,0.0024
5504,5062,2015,0.0188
5504,5062,2016,0.0186
5504,5062,2017,0.0185
5504,5062,2018,0.0184
5504,5062,2019,0.0183
5504,5063,2015,0.0347
5504,5063,2016,0.0359
5504,5063,2017,0.0344
5504,5063,2018,0.0357
5504,5063,2019,0.0366
5504,5064,2015,0.0
5504,5064,2016,0.0
5504,5064,2017,0.0
5504,5064,2018,0.0
5504,5064,2019,0.0
